hanzi_simplified,hanzi_traditional,pinyin,english_meanings,hsk_levels,pos,frequency_rank,character_count,length_bucket,example_zh,example_en
不好意思,不好意思,bù hǎo yì si,to feel embarrassed; to find it embarrassing; to be sorry (for inconveniencing sb),"newest-2, new-2, old-5","v, a",2805,4,4+-char,我每天都不好意思。,I to feel embarrassed every day.
也就是说,也就是說,yě jiù shì shuō,in other words; that is to say; so; thus,new-7,v,3200,4,4+-char,我每天都也就是说。,I in other words every day.
改革开放,改革開放,gǎi gé kāi fàng,to reform and open to the outside world; refers to Deng Xiaoping's policies from around 1980,new-7,,3630,4,4+-char,我在学习“改革开放”。,I'm learning '改革开放'.
不可思议,不可思議,bù kě sī yì,inconceivable (idiom); unimaginable; unfathomable,"newest-7, new-7, old-6",l,4689,4,4+-char,我在学习“不可思议”。,I'm learning '不可思议'.
与此同时,與此同時,yǔ cǐ tóng shí,at the same time; meanwhile,new-7,c,4800,4,4+-char,我在学习“与此同时”。,I'm learning '与此同时'.
无论如何,無論如何,wú lùn rú hé,whatever the case; in any event; no matter what; by all possible means,"newest-7, new-7",l,4814,4,4+-char,我在学习“无论如何”。,I'm learning '无论如何'.
另一方面,另一方面,lìng yī fāng miàn,on the other hand; another aspect,new-3,c,4851,4,4+-char,我在学习“另一方面”。,I'm learning '另一方面'.
高速公路,高速公路,gāo sù gōng lù,expressway; highway; freeway,new-3,n,5363,4,4+-char,这是高速公路。,This is an expressway; highway; freeway.
中华民族,中華民族,Zhōng huá mín zú,the Chinese nation; the Chinese people (collective reference to all the ethnic groups in China),"newest-5, new-3",,6125,4,4+-char,我在学习“中华民族”。,I'm learning '中华民族'.
与众不同,與眾不同,yǔ zhòng bù tóng,to stand out from the masses (idiom),"newest-7, new-7",v,6561,4,4+-char,我每天都与众不同。,I to stand out from the masses every day.
除此之外,除此之外,chú cǐ zhī wài,apart from this; in addition to this,new-7,"l, c",6961,4,4+-char,我在学习“除此之外”。,I'm learning '除此之外'.
社会主义,社會主義,shè huì zhǔ yì,socialism,"newest-7, new-7",n,7317,4,4+-char,这是社会主义。,This is a socialism.
莫名其妙,莫名其妙,mò míng qí miào,(idiom) baffling; bizarre; without rhyme or reason; inexplicable,"newest-7, new-7, old-6",l,7558,4,4+-char,我在学习“莫名其妙”。,I'm learning '莫名其妙'.
好不容易,好不容易,hǎo bù róng yì,with great difficulty; very difficult,new-6,l,7605,4,4+-char,我在学习“好不容易”。,I'm learning '好不容易'.
绝大多数,絕大多數,jué dà duō shù,the vast majority,new-6,m,7627,4,4+-char,我有三绝大多数。,I have three the vast majority.
至关重要,至關重要,zhì guān zhòng yào,extremely important; vital; crucial; essential,"newest-6, new-7",l,7960,4,4+-char,我在学习“至关重要”。,I'm learning '至关重要'.
一模一样,一模一樣,yī mú yī yàng,exactly the same (idiom); carbon copy; also pr. [yī mó yī yàng],"newest-6, new-6",l,8179,4,4+-char,我在学习“一模一样”。,I'm learning '一模一样'.
前所未有,前所未有,qián suǒ wèi yǒu,unprecedented,"newest-7, new-7",v,8193,4,4+-char,我每天都前所未有。,I unprecedented every day.
高尔夫球,高爾夫球,gāo ěr fū qiú,golf; golf ball,new-7,n,8444,4,4+-char,这是高尔夫球。,This is a golf.
独一无二,獨一無二,dú yī wú èr,unique and unmatched (idiom); unrivalled; nothing compares with it,"newest-7, new-7",l,8494,4,4+-char,我在学习“独一无二”。,I'm learning '独一无二'.
无能为力,無能為力,wú néng wéi lì,impotent (idiom); powerless; helpless,"newest-7, new-7, old-6",v,8626,4,4+-char,我每天都无能为力。,I impotent every day.
不可避免,不可避免,bù kě bì miǎn,unavoidably,new-7,v,8664,4,4+-char,我每天都不可避免。,I unavoidably every day.
迫不及待,迫不及待,pò bù jí dài,impatient (idiom); in a hurry; itching to get on with it,"newest-7, new-7, old-6",l,8697,4,4+-char,我在学习“迫不及待”。,I'm learning '迫不及待'.
未成年人,未成年人,wèi chéng nián rén,minor (i.e. person under 18),"newest-6, new-7",n,8740,4,4+-char,这是未成年人。,This is a minor.
乱七八糟,亂七八糟,luàn qī bā zāo,(idiom) chaotic; in disorder; muddled,"newest-7, new-7",l,8907,4,4+-char,我在学习“乱七八糟”。,I'm learning '乱七八糟'.
资本主义,資本主義,zī běn zhǔ yì,capitalism,"newest-7, new-7",n,9043,4,4+-char,这是资本主义。,This is a capitalism.
迄今为止,迄今為止,qì jīn wéi zhǐ,so far; up to now; still (not),"new-7, old-6",l,9179,4,4+-char,我在学习“迄今为止”。,I'm learning '迄今为止'.
一般来说,一般來說,yī bān lái shuō,generally speaking,new-4,v,9210,4,4+-char,我每天都一般来说。,I generally speaking every day.
引人注目,引人注目,yǐn rén zhù mù,to attract attention; eye-catching; conspicuous,"newest-7, new-7",v,9290,4,4+-char,我每天都引人注目。,I to attract attention every day.
一如既往,一如既往,yī rú jì wǎng,just as in the past (idiom); as before; continuing as always,"newest-7, new-7, old-6",v,9416,4,4+-char,我每天都一如既往。,I just as in the past ; as before every day.
全力以赴,全力以赴,quán lì yǐ fù,to do at all costs; to make an all-out effort,"newest-7, new-7, old-6",v,9514,4,4+-char,我每天都全力以赴。,I to do at all costs every day.
难以置信,難以置信,nán yǐ zhì xìn,hard to believe; incredible,"newest-7, new-7",v,9559,4,4+-char,我每天都难以置信。,I hard to believe every day.
总的来说,總的來說,zǒng de lái shuō,generally speaking; to sum up; in summary; in short,new-7,"c, l",9622,4,4+-char,我在学习“总的来说”。,I'm learning '总的来说'.
电子邮件,電子郵件,diàn zǐ yóu jiàn,email,new-3,,9822,4,4+-char,我在学习“电子邮件”。,I'm learning '电子邮件'.
成千上万,成千上萬,chéng qiān shàng wàn,lit. by the thousands and tens of thousands (idiom); untold numbers; innumerable; thousands upon thousands,"newest-6, new-7",v,9841,4,4+-char,我每天都成千上万。,I lit. by the thousands and tens of thousands ; untold numbers every day.
大吃一惊,大吃一驚,dà chī yī jīng,to have a surprise (idiom); shocked or startled; gobsmacked,"newest-6, new-7",v,9934,4,4+-char,我每天都大吃一惊。,I to have a surprise ; shocked or startled every day.
众所周知,眾所周知,zhòng suǒ zhōu zhī,as everyone knows (idiom),"newest-6, new-7, old-6",v,9992,4,4+-char,我每天都众所周知。,I as everyone knows every day.
理所当然,理所當然,lǐ suǒ dāng rán,as it should be by rights (idiom); proper and to be expected as a matter of course; inevitable and right,"newest-7, new-7, old-6",l,10068,4,4+-char,我在学习“理所当然”。,I'm learning '理所当然'.
意想不到,意想不到,yì xiǎng bù dào,unexpected; previously unimagined,"newest-7, new-6",v,10435,4,4+-char,我每天都意想不到。,I unexpected every day.
恰恰相反,恰恰相反,qià qià xiāng fǎn,just the opposite,new-7,c,10439,4,4+-char,我在学习“恰恰相反”。,I'm learning '恰恰相反'.
显而易见,顯而易見,xiǎn ér yì jiàn,clearly and easy to see (idiom); obviously; clearly; it goes without saying,"newest-7, new-7",l,10457,4,4+-char,我在学习“显而易见”。,I'm learning '显而易见'.
不同寻常,不同尋常,bù tóng xún cháng,out of the ordinary; unusual,new-7,v,10746,4,4+-char,我每天都不同寻常。,I out of the ordinary every day.
脱颖而出,脫穎而出,tuō yǐng ér chū,to reveal one's talent (idiom); to rise above others; to distinguish oneself,"newest-7, new-7",v,10861,4,4+-char,我每天都脱颖而出。,I to reveal one's talent every day.
不知不觉,不知不覺,bù zhī bù jué,unconsciously; unwittingly,"newest-7, new-7",l,10896,4,4+-char,我在学习“不知不觉”。,I'm learning '不知不觉'.
一塌糊涂,一塌糊塗,yī tā hú tu,muddled and completely collapsing (idiom); in an awful condition; complete shambles; a total mess,"newest-7, new-7",l,11014,4,4+-char,我在学习“一塌糊涂”。,I'm learning '一塌糊涂'.
毫不犹豫,毫不猶豫,háo bù yóu yù,without the slightest hesitation,new-7,l,11117,4,4+-char,我在学习“毫不犹豫”。,I'm learning '毫不犹豫'.
小心翼翼,小心翼翼,xiǎo xīn yì yì,cautious and solemn (idiom); very carefully; prudent; gently and cautiously,"newest-7, new-7, old-6",l,11125,4,4+-char,我在学习“小心翼翼”。,I'm learning '小心翼翼'.
全心全意,全心全意,quán xīn quán yì,heart and soul; wholeheartedly,"newest-7, new-7",l,11148,4,4+-char,我在学习“全心全意”。,I'm learning '全心全意'.
不为人知,不為人知,bù wéi rén zhī,not known to anyone; secret; unknown,new-7,v,11433,4,4+-char,我每天都不为人知。,I not known to anyone every day.
一无所有,一無所有,yī wú suǒ yǒu,not having anything at all (idiom); utterly lacking; without two sticks to rub together,"newest-7, new-7",v,11565,4,4+-char,我每天都一无所有。,I not having anything at all ; utterly lacking every day.
情不自禁,情不自禁,qíng bù zì jīn,unable to restrain emotions; cannot help,"newest-7, new-7",l,11914,4,4+-char,我在学习“情不自禁”。,I'm learning '情不自禁'.
一无所知,一無所知,yī wú suǒ zhī,not knowing anything at all (idiom); completely ignorant; without an inkling,"newest-7, new-7",v,11975,4,4+-char,我每天都一无所知。,I not knowing anything at all ; completely ignorant every day.
自以为是,自以為是,zì yǐ wéi shì,to believe oneself infallible (idiom); to be opinionated,"newest-7, new-7",v,12001,4,4+-char,我每天都自以为是。,I to believe oneself infallible every day.
出人意料,出人意料,chū rén yì liào,unexpected (idiom); surprising,"newest-7, new-7",v,12127,4,4+-char,我每天都出人意料。,I unexpected every day.
截然不同,截然不同,jié rán bù tóng,entirely different; different as black and white,"newest-7, new-7",v,12240,4,4+-char,我每天都截然不同。,I entirely different every day.
有所不同,有所不同,yǒu suǒ bù tóng,to differ to some extent (idiom),new-7,v,12326,4,4+-char,我每天都有所不同。,I to differ to some extent every day.
所作所为,所作所為,suǒ zuò suǒ wéi,one's conduct and deeds,"newest-7, new-7",l,12356,4,4+-char,我在学习“所作所为”。,I'm learning '所作所为'.
想方设法,想方設法,xiǎng fāng shè fǎ,"to think up every possible method (idiom); to devise ways and means; to try this, that and the other","newest-7, new-7, old-6",l,12483,4,4+-char,我在学习“想方设法”。,I'm learning '想方设法'.
随心所欲,隨心所欲,suí xīn suǒ yù,to follow one's heart's desires; to do as one pleases (idiom),"newest-7, new-7",v,12643,4,4+-char,我每天都随心所欲。,I to follow one's heart's desires every day.
讨价还价,討價還價,tǎo jià huán jià,to haggle over price; to bargain,"newest-7, new-7, old-6",v,12869,4,4+-char,我每天都讨价还价。,I to haggle over price every day.
公共场所,公共場所,gōng gòng chǎng suǒ,public place,new-7,n,12998,4,4+-char,这是公共场所。,This is a public place.
二氧化碳,二氧化碳,èr yǎng huà tàn,carbon dioxide CO2,"newest-6, new-7, old-6",n,13139,4,4+-char,这是二氧化碳。,This is a carbon dioxide CO2.
自然而然,自然而然,zì rán ér rán,involuntary; automatically,"newest-7, new-7",l,13203,4,4+-char,我在学习“自然而然”。,I'm learning '自然而然'.
顺其自然,順其自然,shùn qí zì rán,to let nature take its course (idiom),"newest-7, new-7",,13447,4,4+-char,我在学习“顺其自然”。,I'm learning '顺其自然'.
随时随地,隨時隨地,suí shí suí dì,anytime and anywhere,"newest-7, new-7",l,13454,4,4+-char,我在学习“随时随地”。,I'm learning '随时随地'.
自言自语,自言自語,zì yán zì yǔ,to talk to oneself; to think aloud; to soliloquize,"newest-6, new-6",l,13534,4,4+-char,我在学习“自言自语”。,I'm learning '自言自语'.
公共汽车,公共汽車,gōng gòng qì chē,bus,"new-2, old-2",,13591,4,4+-char,我在学习“公共汽车”。,I'm learning '公共汽车'.
一举一动,一舉一動,yī jǔ yī dòng,every movement; each and every move,"newest-7, new-7",l,13650,4,4+-char,我在学习“一举一动”。,I'm learning '一举一动'.
帝国主义,帝國主義,dì guó zhǔ yì,imperialism,new-7,n,13706,4,4+-char,这是帝国主义。,This is an imperialism.
轻而易举,輕而易舉,qīng ér yì jǔ,easy; with no difficulty,"newest-7, new-7, old-6",l,13706,4,4+-char,我在学习“轻而易举”。,I'm learning '轻而易举'.
名副其实,名副其實,míng fù qí shí,"not just in name only, but also in reality (idiom); aptly named; worthy of the name","newest-7, new-7, old-6",v,13990,4,4+-char,我每天都名副其实。,"I not just in name only, but also in reality every day."
没完没了,沒完沒了,méi wán méi liǎo,without end; incessantly; on and on,"newest-7, new-7",v,14136,4,4+-char,我每天都没完没了。,I without end every day.
一不小心,一不小心,yī bù xiǎo xīn,to be a little bit careless; to have a moment of inattentiveness,new-7,l,14161,4,4+-char,我在学习“一不小心”。,I'm learning '一不小心'.
微不足道,微不足道,wēi bù zú dào,negligible; insignificant,"newest-7, new-7, old-6",v,14170,4,4+-char,我每天都微不足道。,I negligible; insignificant every day.
不由自主,不由自主,bù yóu zì zhǔ,can't help; involuntarily (idiom),"newest-7, new-7",l,14247,4,4+-char,我在学习“不由自主”。,I'm learning '不由自主'.
竭尽全力,竭盡全力,jié jìn quán lì,to spare no effort (idiom); to do one's utmost,"newest-7, new-7, old-6",v,14314,4,4+-char,我每天都竭尽全力。,I to spare no effort ; to do one's utmost every day.
胡思乱想,胡思亂想,hú sī luàn xiǎng,to indulge in flights of fancy (idiom); to let one's imagination run wild,"newest-7, new-7",,14791,4,4+-char,我在学习“胡思乱想”。,I'm learning '胡思乱想'.
十字路口,十字路口,shí zì lù kǒu,crossroads; intersection,"newest-4, new-7",l,14800,4,4+-char,我在学习“十字路口”。,I'm learning '十字路口'.
恰到好处,恰到好處,qià dào hǎo chù,it's just perfect; it's just right,"newest-7, new-7, old-6",l,14885,4,4+-char,我在学习“恰到好处”。,I'm learning '恰到好处'.
无关紧要,無關緊要,wú guān jǐn yào,indifferent; insignificant,"newest-7, new-7",v,14902,4,4+-char,我每天都无关紧要。,I indifferent every day.
当务之急,當務之急,dāng wù zhī jí,top priority job; matter of vital importance,"newest-7, new-7, old-6",l,14997,4,4+-char,我在学习“当务之急”。,I'm learning '当务之急'.
丰富多彩,豐富多彩,fēng fù duō cǎi,richly colorful,"newest-5, new-7",v,15312,4,4+-char,我每天都丰富多彩。,I richly colorful every day.
无话可说,無話可說,wú huà kě shuō,to have nothing to say (idiom),"newest-7, new-7",v,15411,4,4+-char,我每天都无话可说。,I to have nothing to say every day.
一天到晚,一天到晚,yī tiān dào wǎn,all day long; the whole day,new-7,l,15466,4,4+-char,我在学习“一天到晚”。,I'm learning '一天到晚'.
必不可少,必不可少,bì bù kě shǎo,absolutely necessary; indispensable; essential,"newest-7, new-7",v,15604,4,4+-char,我每天都必不可少。,I absolutely necessary every day.
无家可归,無家可歸,wú jiā kě guī,homeless,"newest-7, new-7",v,15746,4,4+-char,我每天都无家可归。,I homeless every day.
知识分子,知識分子,zhī shi fèn zǐ,intellectual; intelligentsia; learned person,"newest-7, new-7",n,15978,4,4+-char,这是知识分子。,This is an intellectual.
突如其来,突如其來,tū rú qí lái,to arise abruptly; to arrive suddenly; happening suddenly,"newest-7, new-7",l,15992,4,4+-char,我在学习“突如其来”。,I'm learning '突如其来'.
千方百计,千方百計,qiān fāng bǎi jì,"lit. thousand ways, a hundred plans (idiom); by every possible means","newest-7, new-7, old-6",l,16008,4,4+-char,我在学习“千方百计”。,I'm learning '千方百计'.
新陈代谢,新陳代謝,xīn chén dài xiè,metabolism (biology); the new replaces the old (idiom),"newest-7, new-7, old-6",v,16136,4,4+-char,我每天都新陈代谢。,I metabolism every day.
实话实说,實話實說,shí huà shí shuō,to tell the truth; to tell it as it is,"newest-7, new-7",v,16161,4,4+-char,我每天都实话实说。,I to tell the truth every day.
各式各样,各式各樣,gè shì gè yàng,(of) all kinds and sorts; various,new-7,l,16165,4,4+-char,我在学习“各式各样”。,I'm learning '各式各样'.
或多或少,或多或少,huò duō huò shǎo,more or less,"newest-7, new-7",d,16166,4,4+-char,他或多或少来。,He comes more or less.
一动不动,一動不動,yī dòng bù dòng,motionless,"newest-7, new-7",l,16188,4,4+-char,我在学习“一动不动”。,I'm learning '一动不动'.
无所事事,無所事事,wú suǒ shì shì,to have nothing to do; to idle one's time away (idiom),"newest-7, new-7",v,16294,4,4+-char,我每天都无所事事。,I to have nothing to do every day.
不正之风,不正之風,bù zhèng zhī fēng,unhealthy tendency,"newest-7, new-7",,16308,4,4+-char,我在学习“不正之风”。,I'm learning '不正之风'.
取而代之,取而代之,qǔ ér dài zhī,(idiom) to replace; to supersede; to take its (or her etc) place,"newest-7, new-7",v,16470,4,4+-char,我每天都取而代之。,I to replace; to supersede; to take its  place every day.
坚持不懈,堅持不懈,jiān chí bù xiè,to persevere unremittingly (idiom); to keep going until the end,new-7,v,16488,4,4+-char,我每天都坚持不懈。,I to persevere unremittingly ; to keep going until the end every day.
念念不忘,念念不忘,niàn niàn bù wàng,to keep in mind constantly (idiom),"newest-7, new-7",v,16511,4,4+-char,我每天都念念不忘。,I to keep in mind constantly every day.
无动于衷,無動於衷,wú dòng yú zhōng,aloof; indifferent; unconcerned,"newest-7, old-6",v,16560,4,4+-char,我每天都无动于衷。,I aloof every day.
不择手段,不擇手段,bù zé shǒu duàn,by fair means or foul; by hook or by crook; unscrupulously,old-6,l,16590,4,4+-char,我在学习“不择手段”。,I'm learning '不择手段'.
大惊小怪,大驚小怪,dà jīng xiǎo guài,to make a fuss about nothing (idiom),"newest-7, new-7",l,16657,4,4+-char,我在学习“大惊小怪”。,I'm learning '大惊小怪'.
史无前例,史無前例,shǐ wú qián lì,unprecedented in history,"newest-7, new-7",l,16692,4,4+-char,我在学习“史无前例”。,I'm learning '史无前例'.
相提并论,相提並論,xiāng tí bìng lùn,to discuss two disparate things together (idiom); to mention on equal terms; to place on a par with; (often with negatives: impossible to mention X in the same breath as Y),"newest-7, new-7",v,17200,4,4+-char,我每天都相提并论。,I to discuss two disparate things together ; to mention on equal terms every day.
齐心协力,齊心協力,qí xīn xié lì,to work with a common purpose (idiom); to make concerted efforts; to pull together; to work as one,"newest-7, new-7, old-6",v,17271,4,4+-char,我每天都齐心协力。,I to work with a common purpose ; to make concerted efforts every day.
措手不及,措手不及,cuò shǒu bù jí,no time to deal with it (idiom); caught unprepared,"newest-7, new-7",l,17342,4,4+-char,我在学习“措手不及”。,I'm learning '措手不及'.
西班牙语,西班牙語,Xī bān yá yǔ,Spanish language,new-6,nz,17382,4,4+-char,这是西班牙语。,This is a Spanish language.
自力更生,自力更生,zì lì gēng shēng,regeneration through one's own effort (idiom); self-reliance,"newest-7, new-7, old-6",v,17454,4,4+-char,我每天都自力更生。,I regeneration through one's own effort every day.
无理取闹,無理取鬧,wú lǐ qǔ nào,to make trouble without reason (idiom); to be deliberately provocative,old-6,v,17505,4,4+-char,我每天都无理取闹。,I to make trouble without reason ; to be deliberately provocative every day.
一路顺风,一路順風,yī lù shùn fēng,to have a pleasant journey (idiom),"newest-5, new-2",v,17523,4,4+-char,我每天都一路顺风。,I to have a pleasant journey every day.
自始至终,自始至終,zì shǐ zhì zhōng,from start to finish (idiom),"newest-7, new-7",l,17560,4,4+-char,我在学习“自始至终”。,I'm learning '自始至终'.
一帆风顺,一帆風順,yī fān fēng shùn,propitious wind throughout the journey (idiom); plain sailing; to go smoothly; have a nice trip!,"newest-6, new-7, old-6",v,17562,4,4+-char,我每天都一帆风顺。,I propitious wind throughout the journey every day.
心想事成,心想事成,xīn xiǎng shì chéng,to have one's wishes come true; wish you the best!,"newest-7, new-7",v,17746,4,4+-char,我每天都心想事成。,I to have one's wishes come true every day.
亲朋好友,親朋好友,qīn péng hǎo yǒu,friends and family; kith and kin,"newest-5, new-7",l,17899,4,4+-char,我在学习“亲朋好友”。,I'm learning '亲朋好友'.
罪魁祸首,罪魁禍首,zuì kuí huò shǒu,"criminal ringleader, main offender (idiom); main culprit; fig. main cause of a disaster","newest-7, new-7",l,18017,4,4+-char,我在学习“罪魁祸首”。,I'm learning '罪魁祸首'.
方方面面,方方面面,fāng fāng miàn miàn,all sides; all aspects; multifaceted,"newest-6, new-7",n,18245,4,4+-char,这是方方面面。,This is an all sides; all aspects.
无济于事,無濟於事,wú jì yú shì,(idiom) to no avail; of no use,"newest-7, new-7",v,18284,4,4+-char,我每天都无济于事。,I to no avail; of no use every day.
力所能及,力所能及,lì suǒ néng jí,as far as one's capabilities extend (idiom); to the best of one's ability; within one's powers,"newest-7, new-7, old-6",l,18286,4,4+-char,我在学习“力所能及”。,I'm learning '力所能及'.
当之无愧,當之無愧,dāng zhī wú kuì,"fully deserving, without any reservations (idiom); entirely worthy (of a title, honor etc)","newest-7, new-7",v,18312,4,4+-char,我每天都当之无愧。,"I fully deserving, without any reservations ; entirely worthy every day."
源源不断,源源不斷,yuán yuán bù duàn,a steady flow (idiom); an unending stream,"newest-7, new-7",v,18347,4,4+-char,我每天都源源不断。,I a steady flow ; an unending stream every day.
这就是说,這就是說,zhè jiù shì shuō,in other words; that is to say,new-6,c,18506,4,4+-char,我在学习“这就是说”。,I'm learning '这就是说'.
如愿以偿,如願以償,rú yuàn yǐ cháng,to have one's wish fulfilled,"newest-7, new-7",v,18537,4,4+-char,我每天都如愿以偿。,I to have one's wish fulfilled every day.
一言不发,一言不發,yī yán bù fā,to not say a word (idiom),"newest-7, new-7",v,18750,4,4+-char,我每天都一言不发。,I to not say a word every day.
诸如此类,諸如此類,zhū rú cǐ lèi,things like this (idiom); and so on; and the rest; etc,"newest-7, new-7",l,18755,4,4+-char,我在学习“诸如此类”。,I'm learning '诸如此类'.
犹豫不决,猶豫不決,yóu yù bù jué,hesitancy; indecision; to waver,"newest-7, new-7",v,18782,4,4+-char,我每天都犹豫不决。,I hesitancy every day.
脱口而出,脫口而出,tuō kǒu ér chū,to blurt out; to let slip (an indiscreet remark),"newest-7, new-7",v,18812,4,4+-char,我每天都脱口而出。,I to blurt out; to let slip every day.
伊斯兰教,伊斯蘭教,Yī sī lán jiào,Islam,new-7,nz,18822,4,4+-char,这是伊斯兰教。,This is an Islam.
肆无忌惮,肆無忌憚,sì wú jì dàn,absolutely unrestrained; unbridled; without the slightest scruple,"newest-7, old-6",v,18846,4,4+-char,我每天都肆无忌惮。,I absolutely unrestrained every day.
一目了然,一目了然,yī mù liǎo rán,obvious at a glance (idiom),"newest-7, new-7, old-6",v,18968,4,4+-char,我每天都一目了然。,I obvious at a glance every day.
举足轻重,舉足輕重,jǔ zú qīng zhòng,to play a critical role (idiom); influential,"newest-7, old-6",v,18971,4,4+-char,我每天都举足轻重。,I to play a critical role every day.
应有尽有,應有盡有,yīng yǒu jìn yǒu,everything that should be here is here (idiom); all one can think of is on hand; to have all one needs,"newest-7, new-7",v,18982,4,4+-char,我每天都应有尽有。,I everything that should be here is here ; all one can think of is on hand every day.
无忧无虑,無憂無慮,wú yōu wú lǜ,carefree and without worries (idiom),"newest-7, new-7, old-6",v,19001,4,4+-char,我每天都无忧无虑。,I carefree and without worries every day.
似曾相识,似曾相識,sì céng xiāng shí,déjà vu (the experience of seeing exactly the same situation a second time); seemingly familiar; apparently already acquainted,"newest-7, new-7",v,19017,4,4+-char,我每天都似曾相识。,I déjà vu every day.
随处可见,隨處可見,suí chù kě jiàn,can be seen everywhere,"newest-7, new-7",v,19060,4,4+-char,我每天都随处可见。,I can be seen everywhere every day.
一心一意,一心一意,yī xīn yī yì,concentrating one's thoughts and efforts; single-minded; bent on; intently,"newest-7, new-7",l,19090,4,4+-char,我在学习“一心一意”。,I'm learning '一心一意'.
官僚主义,官僚主義,guān liáo zhǔ yì,bureaucracy,new-7,n,19123,4,4+-char,这是官僚主义。,This is a bureaucracy.
目瞪口呆,目瞪口呆,mù dèng kǒu dāi,dumbstruck (idiom); stupefied; stunned,"newest-7, new-7",l,19310,4,4+-char,我在学习“目瞪口呆”。,I'm learning '目瞪口呆'.
一成不变,一成不變,yī chéng bù biàn,(idiom) immutable; impervious to change; set in stone,"newest-7, new-7",v,19445,4,4+-char,我每天都一成不变。,I immutable; impervious to change; set in stone every day.
自由自在,自由自在,zì yóu zì zài,free and easy (idiom); carefree; leisurely,new-7,l,19488,4,4+-char,我在学习“自由自在”。,I'm learning '自由自在'.
愈演愈烈,愈演愈烈,yù yǎn yù liè,ever more critical; problems get more and more intense,"newest-7, new-7",v,19539,4,4+-char,我每天都愈演愈烈。,I ever more critical every day.
万无一失,萬無一失,wàn wú yī shī,surefire; absolutely safe (idiom),"newest-7, new-7",v,19546,4,4+-char,我每天都万无一失。,I surefire; absolutely safe every day.
四面八方,四面八方,sì miàn bā fāng,in all directions; all around; far and near,"newest-7, new-7",l,19629,4,4+-char,我在学习“四面八方”。,I'm learning '四面八方'.
息息相关,息息相關,xī xī xiāng guān,closely bound up (idiom); intimately related,"newest-7, new-7",v,19632,4,4+-char,我每天都息息相关。,I closely bound up ; intimately related every day.
总而言之,總而言之,zǒng ér yán zhī,in short; in a word; in brief,"newest-7, new-7, old-6",c,19808,4,4+-char,我在学习“总而言之”。,I'm learning '总而言之'.
实事求是,實事求是,shí shì qiú shì,lit. to seek truth from facts (idiom); fig. to be practical and realistic,"newest-7, new-7, old-6",v,19818,4,4+-char,我每天都实事求是。,I lit. to seek truth from facts every day.
无可奈何,無可奈何,wú kě nài hé,have no way out; have no alternative; abbr. to 无奈,"newest-7, new-7, old-6",v,19845,4,4+-char,我每天都无可奈何。,I have no way out every day.
滔滔不绝,滔滔不絕,tāo tāo bù jué,unceasing torrent (idiom); talking non-stop; gabbling forty to the dozen,"newest-7, new-7, old-6",v,19862,4,4+-char,我每天都滔滔不绝。,I unceasing torrent every day.
雪上加霜,雪上加霜,xuě shàng jiā shuāng,(idiom) to make matters even worse; to add insult to injury,"newest-7, new-7, old-6",v,19891,4,4+-char,我每天都雪上加霜。,I to make matters even worse every day.
家喻户晓,家喻戶曉,jiā yù hù xiǎo,understood by everyone (idiom); well known; a household name,"newest-7, new-7, old-6",v,19921,4,4+-char,我每天都家喻户晓。,I understood by everyone ; well known every day.
惊慌失措,驚慌失措,jīng huāng shī cuò,to lose one's head out of fear (idiom),"newest-7, new-7",v,20000,4,4+-char,我每天都惊慌失措。,I to lose one's head out of fear every day.
可想而知,可想而知,kě xiǎng ér zhī,it is obvious that...; as one can well imagine...,"newest-7, new-7",v,20154,4,4+-char,我每天都可想而知。,I it is obvious that... every day.
日复一日,日復一日,rì fù yī rì,day after day,"newest-7, new-7",v,20223,4,4+-char,我每天都日复一日。,I day after day every day.
记忆犹新,記憶猶新,jì yì yóu xīn,to remain fresh in one's memory (idiom),"newest-7, new-7",v,20223,4,4+-char,我每天都记忆犹新。,I to remain fresh in one's memory every day.
不得而知,不得而知,bù dé ér zhī,unknown; unable to find out,"newest-7, new-7",v,20317,4,4+-char,我每天都不得而知。,I unknown every day.
默默无闻,默默無聞,mò mò wú wén,obscure and unknown (idiom); an outsider without any reputation; a nobody; an unknown quantity,"newest-7, new-7",v,20335,4,4+-char,我每天都默默无闻。,I obscure and unknown ; an outsider without any reputation every day.
面目全非,面目全非,miàn mù quán fēi,nothing remains the same (idiom); change beyond recognition,"newest-7, new-7",l,20409,4,4+-char,我在学习“面目全非”。,I'm learning '面目全非'.
不言而喻,不言而喻,bù yán ér yù,it goes without saying; it is self-evident,"newest-7, old-6",v,20519,4,4+-char,我每天都不言而喻。,I it goes without saying; it is self-evident every day.
勇往直前,勇往直前,yǒng wǎng zhí qián,to advance bravely,"newest-7, new-7",v,20605,4,4+-char,我每天都勇往直前。,I to advance bravely every day.
耳目一新,耳目一新,ěr mù yī xīn,a pleasant change; a breath of fresh air; refreshing,"newest-7, new-7",l,20652,4,4+-char,我在学习“耳目一新”。,I'm learning '耳目一新'.
针锋相对,針鋒相對,zhēn fēng xiāng duì,to oppose each other with equal harshness (idiom); tit for tat; measure for measure,"newest-7, new-7",l,20666,4,4+-char,我在学习“针锋相对”。,I'm learning '针锋相对'.
有朝一日,有朝一日,yǒu zhāo yī rì,one day; sometime in the future,"newest-7, new-7",l,20719,4,4+-char,我在学习“有朝一日”。,I'm learning '有朝一日'.
提心吊胆,提心吊膽,tí xīn diào dǎn,(saying) to be very scared and on edge,"newest-7, new-7",v,20737,4,4+-char,我每天都提心吊胆。,I to be very scared and on edge every day.
天长地久,天長地久,tiān cháng dì jiǔ,enduring while the world lasts (idiom); eternal,"newest-7, new-7",v,20808,4,4+-char,我每天都天长地久。,I enduring while the world lasts every day.
走投无路,走投無路,zǒu tóu wú lù,to be at an impasse (idiom); in a tight spot; at the end of one's rope; desperate,"newest-7, new-7",l,21040,4,4+-char,我在学习“走投无路”。,I'm learning '走投无路'.
兴高采烈,興高采烈,xìng gāo cǎi liè,happy and excited (idiom); in high spirits; in great delight,"newest-7, new-7, old-6",l,21103,4,4+-char,我在学习“兴高采烈”。,I'm learning '兴高采烈'.
有条不紊,有條不紊,yǒu tiáo bù wěn,regular and thorough (idiom); methodically arranged,"newest-7, old-6",l,21130,4,4+-char,我在学习“有条不紊”。,I'm learning '有条不紊'.
大街小巷,大街小巷,dà jiē xiǎo xiàng,great streets and small alleys (idiom); everywhere in the city,"newest-7, new-7",l,21134,4,4+-char,我在学习“大街小巷”。,I'm learning '大街小巷'.
相比之下,相比之下,xiāng bǐ zhī xià,by comparison,new-7,v,21165,4,4+-char,我每天都相比之下。,I by comparison every day.
一丝不苟,一絲不苟,yī sī bù gǒu,not one thread loose (idiom); strictly according to the rules; meticulous; not one hair out of place,"newest-7, old-6",v,21385,4,4+-char,我每天都一丝不苟。,I not one thread loose ; strictly according to the rules every day.
惊心动魄,驚心動魄,jīng xīn dòng pò,(idiom) heart-stopping; hair-raising; breathtaking,"newest-7, new-7",v,21494,4,4+-char,我每天都惊心动魄。,I heart-stopping; hair-raising; breathtaking every day.
袖手旁观,袖手旁觀,xiù shǒu páng guān,to watch with folded arms (idiom); to look on without lifting a finger,"newest-7, new-7",v,21626,4,4+-char,我每天都袖手旁观。,I to watch with folded arms ; to look on without lifting a finger every day.
力不从心,力不從心,lì bù cóng xīn,less capable than desirable (idiom); not as strong as one would wish; the spirit is willing but the flesh is weak,"newest-7, new-7",v,21629,4,4+-char,我每天都力不从心。,I less capable than desirable ; not as strong as one would wish every day.
格格不入,格格不入,gé gé bù rù,(idiom) inharmonious; incompatible,"newest-7, new-7",v,21750,4,4+-char,我每天都格格不入。,I inharmonious every day.
合情合理,合情合理,hé qíng hé lǐ,reasonable and fair (idiom),new-7,l,21777,4,4+-char,我在学习“合情合理”。,I'm learning '合情合理'.
和平共处,和平共處,hé píng gòng chǔ,"peaceful coexistence of nations, societies etc","newest-7, new-7",v,21788,4,4+-char,我每天都和平共处。,"I peaceful coexistence of nations, societies etc every day."
水落石出,水落石出,shuǐ luò shí chū,"as the water recedes, the rocks appear (idiom); the truth comes to light","newest-7, new-7",l,21841,4,4+-char,我在学习“水落石出”。,I'm learning '水落石出'.
顺理成章,順理成章,shùn lǐ chéng zhāng,logical; only to be expected; rational and clearly structured (of text),"newest-7, new-7",v,21854,4,4+-char,我每天都顺理成章。,I logical every day.
大名鼎鼎,大名鼎鼎,dà míng dǐng dǐng,grand reputation; renowned; famous,"newest-7, new-7","v, l",22163,4,4+-char,我每天都大名鼎鼎。,I grand reputation every day.
一事无成,一事無成,yī shì wú chéng,to have achieved nothing; to be a total failure; to get nowhere,"newest-7, new-7",v,22215,4,4+-char,我每天都一事无成。,I to have achieved nothing every day.
翻天覆地,翻天覆地,fān tiān fù dì,sky and the earth turning upside down (idiom); fig. complete confusion; everything turned on its head,"newest-7, new-7",l,22219,4,4+-char,我在学习“翻天覆地”。,I'm learning '翻天覆地'.
见义勇为,見義勇為,jiàn yì yǒng wéi,"to see what is right and act courageously (idiom, from Analects); to stand up bravely for the truth; acting heroically in a just cause","newest-7, new-7, old-6",v,22262,4,4+-char,我每天都见义勇为。,I to see what is right and act courageously ; to stand up bravely for the truth every day.
形形色色,形形色色,xíng xíng sè sè,all kinds of; all sorts of; every (different) kind of,"newest-7, new-7",l,22513,4,4+-char,我在学习“形形色色”。,I'm learning '形形色色'.
指手画脚,指手畫腳,zhǐ shǒu huà jiǎo,to gesticulate while talking (idiom); to explain by waving one's hands; to criticize or give orders summarily,"newest-7, new-7",l,22588,4,4+-char,我在学习“指手画脚”。,I'm learning '指手画脚'.
来龙去脉,來龍去脈,lái lóng qù mài,the rise and fall of the terrain (idiom); (fig.) the whole sequence of events; causes and effects,"newest-7, new-7",l,22644,4,4+-char,我在学习“来龙去脉”。,I'm learning '来龙去脉'.
身不由己,身不由己,shēn bù yóu jǐ,without the freedom to act independently (idiom); involuntary; not of one's own volition; in spite of oneself,"newest-7, new-7",v,22648,4,4+-char,我每天都身不由己。,I without the freedom to act independently ; involuntary every day.
层出不穷,層出不窮,céng chū bù qióng,more and more emerge; innumerable succession; breeding like flies (idiom),"newest-7, new-7, old-6",v,22670,4,4+-char,我每天都层出不穷。,I more and more emerge every day.
市场经济,市場經濟,shì chǎng jīng jì,market economy,"newest-7, new-7",n,22676,4,4+-char,这是市场经济。,This is a market economy.
不怎么样,不怎麼樣,bù zěn me yàng,not up to much; very indifferent; nothing great about it; nothing good to be said about it,new-6,,22737,4,4+-char,我在学习“不怎么样”。,I'm learning '不怎么样'.
百科全书,百科全書,bǎi kē quán shū,encyclopedia,"newest-7, new-7",n,22806,4,4+-char,这是百科全书。,This is an encyclopedia.
惊天动地,驚天動地,jīng tiān dòng dì,world-shaking (idiom),"newest-7, new-7",v,22897,4,4+-char,我每天都惊天动地。,I world-shaking every day.
断断续续,斷斷續續,duàn duàn xù xù,intermittent; off and on; discontinuous; stop-go; stammering; disjointed; inarticulate,"newest-7, new-7, old-6",l,22968,4,4+-char,我在学习“断断续续”。,I'm learning '断断续续'.
一干二净,一乾二淨,yī gān èr jìng,thoroughly (idiom); completely; one and all; very clean,"newest-7, new-7",l,23050,4,4+-char,我在学习“一干二净”。,I'm learning '一干二净'.
意料之外,意料之外,yì liào zhī wài,(idiom) contrary to expectation; unexpected,new-7,,23162,4,4+-char,我在学习“意料之外”。,I'm learning '意料之外'.
无可厚非,無可厚非,wú kě hòu fēi,see 非,"newest-7, new-7",v,23211,4,4+-char,我每天都无可厚非。,I see 非 every day.
再接再厉,再接再厲,zài jiē zài lì,to continue the struggle (idiom); to persist; unremitting efforts,"newest-7, old-6",v,23317,4,4+-char,我每天都再接再厉。,I to continue the struggle ; to persist every day.
不以为然,不以為然,bù yǐ wéi rán,not to accept as correct (idiom); to object; to disapprove; to take exception to,"newest-7, new-7",v,23388,4,4+-char,我每天都不以为然。,I not to accept as correct ; to object every day.
沸沸扬扬,沸沸揚揚,fèi fèi yáng yáng,bubbling and gurgling; hubbubing; abuzz,"newest-7, new-7",l,23423,4,4+-char,我在学习“沸沸扬扬”。,I'm learning '沸沸扬扬'.
疲惫不堪,疲憊不堪,pí bèi bù kān,exhausted; fatigued to the extreme,new-7,l,23457,4,4+-char,我在学习“疲惫不堪”。,I'm learning '疲惫不堪'.
土生土长,土生土長,tǔ shēng tǔ zhǎng,locally born and bred; indigenous; home-grown,"newest-7, new-7",v,23491,4,4+-char,我每天都土生土长。,I locally born and bred every day.
人工智能,人工智能,rén gōng zhì néng,artificial intelligence (AI),"newest-6, new-7",n,23584,4,4+-char,这是人工智能。,This is an artificial intelligence.
接二连三,接二連三,jiē èr lián sān,one after another (idiom); in quick succession,"newest-7, new-7",l,23620,4,4+-char,我在学习“接二连三”。,I'm learning '接二连三'.
错综复杂,錯綜複雜,cuò zōng fù zá,tangled and complicated (idiom),"newest-7, new-7",v,23747,4,4+-char,我每天都错综复杂。,I tangled and complicated every day.
不屑一顾,不屑一顧,bù xiè yī gù,to disdain as beneath contempt (idiom),old-6,v,23826,4,4+-char,我每天都不屑一顾。,I to disdain as beneath contempt every day.
供不应求,供不應求,gōng bù yìng qiú,supply does not meet demand,"newest-7, new-7, old-6",v,23912,4,4+-char,我每天都供不应求。,I supply does not meet demand every day.
不了了之,不了了之,bù liǎo liǎo zhī,to settle a matter by leaving it unsettled; to end up with nothing definite,"newest-7, new-7",v,24145,4,4+-char,我每天都不了了之。,I to settle a matter by leaving it unsettled every day.
相依为命,相依為命,xiāng yī wéi mìng,mutually dependent for life (idiom); to rely upon one another for survival; interdependent,new-7,v,24505,4,4+-char,我每天都相依为命。,I mutually dependent for life ; to rely upon one another for survival every day.
赞不绝口,讚不絕口,zàn bù jué kǒu,to praise without cease (idiom); praise sb to high heaven,"newest-7, new-7",v,24518,4,4+-char,我每天都赞不绝口。,I to praise without cease ; praise sb to high heaven every day.
形影不离,形影不離,xíng yǐng bù lí,inseparable (as form and shadow),"newest-7, new-7",v,24715,4,4+-char,我每天都形影不离。,I inseparable every day.
恍然大悟,恍然大悟,huǎng rán dà wù,to suddenly realize; to suddenly see the light,"newest-7, new-7, old-6",v,24790,4,4+-char,我每天都恍然大悟。,I to suddenly realize every day.
不相上下,不相上下,bù xiāng shàng xià,equally matched; about the same,"newest-7, new-7, old-6",v,24846,4,4+-char,我每天都不相上下。,I equally matched every day.
翻来覆去,翻來覆去,fān lái fù qù,to toss and turn (sleeplessly); again and again,"newest-7, new-7",v,25055,4,4+-char,我每天都翻来覆去。,I to toss and turn every day.
归根到底,歸根到底,guī gēn dào dǐ,after all; in the final analysis; ultimately,"newest-7, new-7, old-6",l,25289,4,4+-char,我在学习“归根到底”。,I'm learning '归根到底'.
热泪盈眶,熱淚盈眶,rè lèi yíng kuàng,eyes brimming with tears of excitement (idiom); extremely moved,"newest-7, old-6",l,25380,4,4+-char,我在学习“热泪盈眶”。,I'm learning '热泪盈眶'.
半途而废,半途而廢,bàn tú ér fèi,to give up halfway (idiom); leave sth unfinished,"newest-7, new-7, old-6",v,25389,4,4+-char,我每天都半途而废。,I to give up halfway ; leave sth unfinished every day.
后顾之忧,後顧之憂,hòu gù zhī yōu,"fears of trouble in the rear (idiom); family worries (obstructing freedom of action); worries about the future consequences; often in negative expressions, meaning ""no worries about anything""","newest-7, new-7, old-6",l,25479,4,4+-char,我在学习“后顾之忧”。,I'm learning '后顾之忧'.
根深蒂固,根深蒂固,gēn shēn dì gù,deep-rooted (problem etc),"newest-7, new-7, old-6",v,25542,4,4+-char,我每天都根深蒂固。,I deep-rooted every day.
循序渐进,循序漸進,xún xù jiàn jìn,"in sequence, step by step (idiom); to make steady progress incrementally","newest-7, new-7, old-6",v,25628,4,4+-char,我每天都循序渐进。,"I in sequence, step by step ; to make steady progress incrementally every day."
心安理得,心安理得,xīn ān lǐ dé,to have a clear conscience; to have no qualms about sth,"newest-7, new-7",v,25820,4,4+-char,我每天都心安理得。,I to have a clear conscience every day.
不翼而飞,不翼而飛,bù yì ér fēi,to disappear without trace; to vanish all of a sudden; to spread fast; to spread like wildfire,"newest-7, new-7",v,25860,4,4+-char,我每天都不翼而飞。,I to disappear without trace every day.
无微不至,無微不至,wú wēi bù zhì,in every possible way (idiom); meticulous,"newest-7, new-7, old-6",l,25869,4,4+-char,我在学习“无微不至”。,I'm learning '无微不至'.
司空见惯,司空見慣,sī kōng jiàn guàn,a common occurrence (idiom),"newest-7, new-7",v,26048,4,4+-char,我每天都司空见惯。,I a common occurrence every day.
风风雨雨,風風雨雨,fēng fēng yǔ yǔ,trials and tribulations; ups and downs,new-7,"l, n",26049,4,4+-char,我在学习“风风雨雨”。,I'm learning '风风雨雨'.
兴致勃勃,興致勃勃,xìng zhì bó bó,to become exhilarated (idiom); in high spirits; full of zest,old-6,l,26094,4,4+-char,我在学习“兴致勃勃”。,I'm learning '兴致勃勃'.
喜怒哀乐,喜怒哀樂,xǐ nù āi lè,"four types of human emotions, namely: happiness 欢喜, anger 愤怒, sorrow 哀 and joy 快乐","newest-7, new-7",l,26105,4,4+-char,我在学习“喜怒哀乐”。,I'm learning '喜怒哀乐'.
独立自主,獨立自主,dú lì zì zhǔ,independent and autonomous (idiom); self-determination; to act independently; to maintain control over one's own affairs,new-7,v,26162,4,4+-char,我每天都独立自主。,I independent and autonomous ; self-determination every day.
过意不去,過意不去,guò yì bù qù,to feel very apologetic,"newest-7, new-7",v,26199,4,4+-char,我每天都过意不去。,I to feel very apologetic every day.
倾家荡产,傾家蕩產,qīng jiā dàng chǎn,to lose a family fortune (idiom),"newest-7, new-7",l,26223,4,4+-char,我在学习“倾家荡产”。,I'm learning '倾家荡产'.
不亦乐乎,不亦樂乎,bù yì lè hū,lit. isn't that a joy? (quote from Confucius); fig. (jocular) extremely; awfully,"newest-7, new-7",v,26229,4,4+-char,我每天都不亦乐乎。,I lit. isn't that a joy? every day.
挨家挨户,挨家挨戶,āi jiā āi hù,to go from house to house,"newest-7, new-7",l,26236,4,4+-char,我在学习“挨家挨户”。,I'm learning '挨家挨户'.
无精打采,無精打采,wú jīng dǎ cǎi,dispirited and downcast (idiom); listless; in low spirits; washed out,"newest-7, new-7, old-6",v,26282,4,4+-char,我每天都无精打采。,I dispirited and downcast ; listless every day.
无穷无尽,無窮無盡,wú qióng wú jìn,endless; boundless; infinite,old-6,v,26310,4,4+-char,我每天都无穷无尽。,I endless every day.
爱不释手,愛不釋手,ài bù shì shǒu,(idiom) to like sth so much that one is reluctant to put it down; to find sth utterly irresistible,"newest-7, new-7, old-6",v,26355,4,4+-char,我每天都爱不释手。,I to like sth so much that one is reluctant to put it down; to find sth utterly irresistible every day.
摇摇欲坠,搖搖欲墜,yáo yáo yù zhuì,tottering; on the verge of collapse,"newest-7, new-7",v,26421,4,4+-char,我每天都摇摇欲坠。,I tottering every day.
一声不吭,一聲不吭,yī shēng bù kēng,to not say a word,"newest-7, new-7",l,26480,4,4+-char,我在学习“一声不吭”。,I'm learning '一声不吭'.
引人入胜,引人入勝,yǐn rén rù shèng,to enchant; fascinating,"newest-7, new-7",v,26589,4,4+-char,我每天都引人入胜。,I to enchant every day.
急功近利,急功近利,jí gōng jìn lì,"seeking instant benefit (idiom); shortsighted vision, looking only for fast return","newest-7, old-6",v,26592,4,4+-char,我每天都急功近利。,"I seeking instant benefit ; shortsighted vision, looking only for fast return every day."
以身作则,以身作則,yǐ shēn zuò zé,to set an example (idiom); to serve as a model,"newest-7, new-7",v,26601,4,4+-char,我每天都以身作则。,I to set an example ; to serve as a model every day.
咬牙切齿,咬牙切齒,yǎo yá qiè chǐ,(idiom) to gnash one's teeth; to fume with rage,old-6,l,26671,4,4+-char,我在学习“咬牙切齿”。,I'm learning '咬牙切齿'.
发扬光大,發揚光大,fā yáng guāng dà,to develop and promote; to carry forward; to bring to great height of development,"newest-7, new-7",v,26690,4,4+-char,我每天都发扬光大。,I to develop and promote every day.
无足轻重,無足輕重,wú zú qīng zhòng,insignificant,new-7,v,26725,4,4+-char,我每天都无足轻重。,I insignificant every day.
胸有成竹,胸有成竹,xiōng yǒu chéng zhú,(idiom) to have a well thought out plan in mind,"newest-7, new-7",v,26904,4,4+-char,我每天都胸有成竹。,I to have a well thought out plan in mind every day.
居高临下,居高臨下,jū gāo lín xià,"lit. to be in a high location, overlooking the scene below (idiom); fig. to occupy a commanding position; to assume a haughty attitude",new-7,v,26950,4,4+-char,我每天都居高临下。,"I lit. to be in a high location, overlooking the scene below every day."
深入人心,深入人心,shēn rù rén xīn,to enter deeply into people's hearts; to have a real impact on the people (idiom),"newest-7, new-7",v,27174,4,4+-char,我每天都深入人心。,I to enter deeply into people's hearts every day.
触目惊心,觸目驚心,chù mù jīng xīn,"lit. shocks the eye, astonishes the heart (idiom); shocking; horrible to see; a ghastly sight","newest-7, new-7",v,27190,4,4+-char,我每天都触目惊心。,"I lit. shocks the eye, astonishes the heart ; shocking every day."
阿拉伯语,阿拉伯語,Ā lā bó yǔ,Arabic (language),new-7,nz,27202,4,4+-char,这是阿拉伯语。,This is an Arabic.
异想天开,異想天開,yì xiǎng tiān kāi,to imagine the wildest thing; to indulge in fantasy,"newest-7, new-7",v,27249,4,4+-char,我每天都异想天开。,I to imagine the wildest thing every day.
与日俱增,與日俱增,yǔ rì jù zēng,to increase steadily; to grow with each passing day,"newest-7, new-7, old-6",v,27300,4,4+-char,我每天都与日俱增。,I to increase steadily every day.
哭笑不得,哭笑不得,kū xiào bù dé,lit. not to know whether to laugh or cry (idiom); both funny and extremely embarrassing; between laughter and tears,"newest-7, new-7",l,27338,4,4+-char,我在学习“哭笑不得”。,I'm learning '哭笑不得'.
兢兢业业,兢兢業業,jīng jīng yè yè,(idiom) conscientious; assiduous,"newest-7, new-7, old-6",v,27396,4,4+-char,我每天都兢兢业业。,I conscientious every day.
争先恐后,爭先恐後,zhēng xiān kǒng hòu,striving to be first and fearing to be last (idiom); outdoing one another,"newest-7, new-7, old-6",l,27476,4,4+-char,我在学习“争先恐后”。,I'm learning '争先恐后'.
异口同声,異口同聲,yì kǒu tóng shēng,"different mouths, same voice; to speak in unison (idiom)","newest-7, new-7",l,27668,4,4+-char,我在学习“异口同声”。,I'm learning '异口同声'.
密不可分,密不可分,mì bù kě fēn,inextricably linked (idiom); inseparable,new-7,v,27738,4,4+-char,我每天都密不可分。,I inextricably linked every day.
五花八门,五花八門,wǔ huā bā mén,myriad; all kinds of; all sorts of,"newest-7, new-7",l,27751,4,4+-char,我在学习“五花八门”。,I'm learning '五花八门'.
目不转睛,目不轉睛,mù bù zhuǎn jīng,unable to take one's eyes off (idiom); to gaze steadily; to stare,"newest-7, new-7",l,27819,4,4+-char,我在学习“目不转睛”。,I'm learning '目不转睛'.
原汁原味,原汁原味,yuán zhī yuán wèi,original; authentic,"newest-7, new-7",l,27889,4,4+-char,我在学习“原汁原味”。,I'm learning '原汁原味'.
精疲力竭,精疲力竭,jīng pí lì jié,"spirit weary, strength exhausted (idiom); spent; drained; washed out","newest-7, new-7",v,27998,4,4+-char,我每天都精疲力竭。,"I spirit weary, strength exhausted ; spent every day."
欢声笑语,歡聲笑語,huān shēng xiào yǔ,cheers and laughter,"newest-7, new-7",l,28045,4,4+-char,我在学习“欢声笑语”。,I'm learning '欢声笑语'.
日新月异,日新月異,rì xīn yuè yì,"daily renewal, monthly change (idiom); every day sees new developments; rapid progress","newest-7, new-7, old-6",v,28296,4,4+-char,我每天都日新月异。,"I daily renewal, monthly change every day."
夜以继日,夜以繼日,yè yǐ jì rì,night and day (idiom); continuous strenuous effort,"newest-7, new-7",l,28406,4,4+-char,我在学习“夜以继日”。,I'm learning '夜以继日'.
骇人听闻,駭人聽聞,hài rén tīng wén,shocking; horrifying; atrocious; terrible,"newest-7, new-7",v,28491,4,4+-char,我每天都骇人听闻。,I shocking every day.
自相矛盾,自相矛盾,zì xiāng máo dùn,to contradict oneself; self-contradictory; inconsistent,"newest-7, new-7",v,28620,4,4+-char,我每天都自相矛盾。,I to contradict oneself every day.
五颜六色,五顏六色,wǔ yán liù sè,multicolored; every color under the sun,"newest-5, new-4",l,28844,4,4+-char,我在学习“五颜六色”。,I'm learning '五颜六色'.
艰苦奋斗,艱苦奮鬥,jiān kǔ fèn dòu,to struggle arduously,new-7,v,28881,4,4+-char,我每天都艰苦奋斗。,I to struggle arduously every day.
相对而言,相對而言,xiāng duì ér yán,relatively speaking; comparatively speaking,new-7,c,28925,4,4+-char,我在学习“相对而言”。,I'm learning '相对而言'.
古今中外,古今中外,gǔ jīn zhōng wài,at all times and in all places (idiom),"newest-7, new-7",,28984,4,4+-char,我在学习“古今中外”。,I'm learning '古今中外'.
安居乐业,安居樂業,ān jū lè yè,to live in peace and work happily (idiom),old-6,v,29270,4,4+-char,我每天都安居乐业。,I to live in peace and work happily every day.
持之以恒,持之以恆,chí zhī yǐ héng,to pursue unremittingly (idiom); to persevere,"newest-7, new-7",v,29365,4,4+-char,我每天都持之以恒。,I to pursue unremittingly ; to persevere every day.
彬彬有礼,彬彬有禮,bīn bīn yǒu lǐ,refined and courteous; urbane,"newest-7, new-7",l,29487,4,4+-char,我在学习“彬彬有礼”。,I'm learning '彬彬有礼'.
恼羞成怒,惱羞成怒,nǎo xiū chéng nù,to fly into a rage out of humiliation; to be ashamed into anger (idiom),"newest-7, new-7",v,29606,4,4+-char,我每天都恼羞成怒。,I to fly into a rage out of humiliation every day.
自私自利,自私自利,zì sī zì lì,everything for self and selfish profit (idiom); with no regard for others; selfish; mercenary,new-7,v,29615,4,4+-char,我每天都自私自利。,I everything for self and selfish profit ; with no regard for others every day.
喜出望外,喜出望外,xǐ chū wàng wài,to be pleased beyond one's expectations (idiom); overjoyed at the turn of events,"newest-7, new-7",v,29648,4,4+-char,我每天都喜出望外。,I to be pleased beyond one's expectations every day.
吃喝玩乐,吃喝玩樂,chī hē wán lè,"to eat, drink and be merry (idiom); to abandon oneself to a life of pleasure","newest-7, new-7",v,29716,4,4+-char,我每天都吃喝玩乐。,"I to eat, drink and be merry every day."
比比皆是,比比皆是,bǐ bǐ jiē shì,can be found everywhere,"newest-7, new-7",v,29754,4,4+-char,我每天都比比皆是。,I can be found everywhere every day.
刻不容缓,刻不容緩,kè bù róng huǎn,to brook no delay; to demand immediate action,"newest-7, old-6",v,29831,4,4+-char,我每天都刻不容缓。,I to brook no delay every day.
这样一来,這樣一來,zhè yàng yī lái,thus; if this happens then,new-7,l,29867,4,4+-char,我在学习“这样一来”。,I'm learning '这样一来'.
长期以来,長期以來,cháng qī yǐ lái,for a long time,"newest-7, new-7",l,29889,4,4+-char,我在学习“长期以来”。,I'm learning '长期以来'.
容光焕发,容光煥發,róng guāng huàn fā,face glowing (idiom); looking radiant; all smiles,"newest-7, new-7",v,29949,4,4+-char,我每天都容光焕发。,I face glowing ; looking radiant every day.
弄虚作假,弄虛作假,nòng xū zuò jiǎ,to practice fraud (idiom); by trickery,"newest-7, new-7",v,29962,4,4+-char,我每天都弄虚作假。,I to practice fraud ; by trickery every day.
物美价廉,物美價廉,wù měi jià lián,good quality and cheap; a bargain,"newest-7, old-6",v,29995,4,4+-char,我每天都物美价廉。,I good quality and cheap every day.
得不偿失,得不償失,dé bù cháng shī,the gains do not make up for the losses (idiom),"newest-7, new-7, old-6",v,30150,4,4+-char,我每天都得不偿失。,I the gains do not make up for the losses every day.
优胜劣汰,優勝劣汰,yōu shèng liè tài,survival of the fittest (idiom),"newest-7, old-6",v,30236,4,4+-char,我每天都优胜劣汰。,I survival of the fittest every day.
耐人寻味,耐人尋味,nài rén xún wèi,thought-provoking; worth thinking over; to provide food for thought,"newest-7, new-7",v,30346,4,4+-char,我每天都耐人寻味。,I thought-provoking every day.
天经地义,天經地義,tiān jīng dì yì,lit. heaven's law and earth's principle (idiom); fig. right and proper; right and unalterable; a matter of course,"newest-7, new-7",l,30356,4,4+-char,我在学习“天经地义”。,I'm learning '天经地义'.
恰如其分,恰如其分,qià rú qí fèn,(idiom) appropriate; apt; just right,"newest-7, new-7",l,30471,4,4+-char,我在学习“恰如其分”。,I'm learning '恰如其分'.
寥寥无几,寥寥無幾,liáo liáo wú jǐ,just a very few (idiom); tiny number; not many at all; You count them on your fingers.,"newest-7, new-7",v,30527,4,4+-char,我每天都寥寥无几。,I just a very few ; tiny number every day.
一举两得,一舉兩得,yī jǔ liǎng dé,"one move, two gains (idiom); two birds with one stone","newest-7, old-6",v,30782,4,4+-char,我每天都一举两得。,"I one move, two gains ; two birds with one stone every day."
熙熙攘攘,熙熙攘攘,xī xī rǎng rǎng,bustling with activity (idiom),"newest-7, new-7",v,30846,4,4+-char,我每天都熙熙攘攘。,I bustling with activity every day.
死心塌地,死心塌地,sǐ xīn tā dì,to be hell-bent on; dead set on sth; unswerving,new-7,,31068,4,4+-char,我在学习“死心塌地”。,I'm learning '死心塌地'.
无可奉告,無可奉告,wú kě fèng gào,"(idiom) ""no comment""","new-7, old-6",v,31077,4,4+-char,我每天都无可奉告。,"I ""no comment"" every day."
耳熟能详,耳熟能詳,ěr shú néng xiáng,what's frequently heard can be repeated in detail (idiom),"newest-7, new-7",v,31301,4,4+-char,我每天都耳熟能详。,I what's frequently heard can be repeated in detail every day.
大同小异,大同小異,dà tóng xiǎo yì,virtually the same; differing only on small points,"newest-7, new-7",v,31466,4,4+-char,我每天都大同小异。,I virtually the same every day.
一应俱全,一應俱全,yī yīng jù quán,with everything needed available,"newest-7, new-7",v,31560,4,4+-char,我每天都一应俱全。,I with everything needed available every day.
素不相识,素不相識,sù bù xiāng shí,to be total strangers (idiom),"newest-7, new-7",v,31683,4,4+-char,我每天都素不相识。,I to be total strangers every day.
重中之重,重中之重,zhòng zhōng zhī zhòng,of the utmost importance; of highest priority,"newest-7, new-7",l,31683,4,4+-char,我在学习“重中之重”。,I'm learning '重中之重'.
面面俱到,面面俱到,miàn miàn jù dào,(idiom) take care of everything; handle everything,"newest-7, new-7",v,31752,4,4+-char,我每天都面面俱到。,I take care of everything; handle everything every day.
呼风唤雨,呼風喚雨,hū fēng huàn yǔ,to call the wind and summon the rain (idiom); to exercise magical powers; fig. to stir up troubles,new-7,l,31838,4,4+-char,我在学习“呼风唤雨”。,I'm learning '呼风唤雨'.
精打细算,精打細算,jīng dǎ xì suàn,meticulous planning and careful accounting (idiom),"newest-7, new-7, old-6",v,31904,4,4+-char,我每天都精打细算。,I meticulous planning and careful accounting every day.
一筹莫展,一籌莫展,yī chóu mò zhǎn,to be unable to find a solution; to be at wits' end,"newest-7, new-7",v,31915,4,4+-char,我每天都一筹莫展。,I to be unable to find a solution every day.
潜移默化,潛移默化,qián yí mò huà,imperceptible influence; to influence secretly,"newest-7, new-7, old-6",v,31990,4,4+-char,我每天都潜移默化。,I imperceptible influence every day.
目中无人,目中無人,mù zhōng wú rén,to consider everyone else beneath one (idiom); so arrogant that no-one else matters; condescending; to go about with one's nose in the air,"newest-7, new-7",v,32144,4,4+-char,我每天都目中无人。,I to consider everyone else beneath one ; so arrogant that no-one else matters every day.
无所作为,無所作為,wú suǒ zuò wéi,attempting nothing and accomplishing nothing (idiom); without any initiative or drive; feckless,"newest-7, new-7",v,32252,4,4+-char,我每天都无所作为。,I attempting nothing and accomplishing nothing ; without any initiative or drive every day.
成群结队,成群結隊,chéng qún jié duì,"making up a group, forming a troupe (idiom); in large numbers; as a large crowd","newest-7, new-7",l,32277,4,4+-char,我在学习“成群结队”。,I'm learning '成群结队'.
此起彼伏,此起彼伏,cǐ qǐ bǐ fú,"up here, down there (idiom); to rise and fall in succession; no sooner one subsides, the next arises; repeating continuously; occurring again and again (of applause, fires, waves, protests, conflicts, uprisings etc)","newest-7, new-7",v,32474,4,4+-char,我每天都此起彼伏。,"I up here, down there ; to rise and fall in succession every day."
灵机一动,靈機一動,líng jī yī dòng,a bright idea suddenly occurs (idiom); to hit upon an inspiration; to be struck by a brainwave,"newest-7, new-7",v,32503,4,4+-char,我每天都灵机一动。,I a bright idea suddenly occurs ; to hit upon an inspiration every day.
聚精会神,聚精會神,jù jīng huì shén,to concentrate one's attention (idiom),"newest-7, new-7, old-6",l,32588,4,4+-char,我在学习“聚精会神”。,I'm learning '聚精会神'.
因人而异,因人而異,yīn rén ér yì,varying from person to person (idiom); different for each individual,"newest-7, new-7",v,32691,4,4+-char,我每天都因人而异。,I varying from person to person ; different for each individual every day.
难能可贵,難能可貴,nán néng kě guì,rare and precious; valuable; remarkable,"newest-7, old-6",v,32815,4,4+-char,我每天都难能可贵。,I rare and precious every day.
不约而同,不約而同,bù yuē ér tóng,to agree by chance (idiom); taking the same action without prior consultation,"newest-7, new-7",l,32822,4,4+-char,我在学习“不约而同”。,I'm learning '不约而同'.
酸甜苦辣,酸甜苦辣,suān tián kǔ là,"sour, sweet, bitter and spicy hot; fig. the joys and sorrows of life","newest-5, new-5",l,32890,4,4+-char,我在学习“酸甜苦辣”。,I'm learning '酸甜苦辣'.
一路平安,一路平安,yī lù píng ān,to have a pleasant journey; Bon voyage!,new-2,,32899,4,4+-char,我在学习“一路平安”。,I'm learning '一路平安'.
亡羊补牢,亡羊補牢,wáng yáng bǔ láo,lit. to mend the pen after sheep are lost (idiom); fig. to act belatedly; better late than never; to lock the stable door after the horse has bolted,"newest-7, new-7",v,32906,4,4+-char,我每天都亡羊补牢。,I lit. to mend the pen after sheep are lost every day.
欣欣向荣,欣欣向榮,xīn xīn xiàng róng,(idiom) flourishing; thriving,"newest-7, new-7, old-6",v,32921,4,4+-char,我每天都欣欣向荣。,I flourishing every day.
心急如焚,心急如焚,xīn jí rú fén,to burn with impatience; torn with anxiety,"newest-7, new-7",v,32937,4,4+-char,我每天都心急如焚。,I to burn with impatience every day.
千家万户,千家萬戶,qiān jiā wàn hù,every family (idiom),"newest-6, new-7",l,33124,4,4+-char,我在学习“千家万户”。,I'm learning '千家万户'.
守株待兔,守株待兔,shǒu zhū dài tù,"lit. to guard a tree-stump, waiting for rabbits (idiom); to wait idly for opportunities; to trust to chance rather than show initiative","newest-7, new-7",v,33204,4,4+-char,我每天都守株待兔。,"I lit. to guard a tree-stump, waiting for rabbits every day."
不辞而别,不辭而別,bù cí ér bié,to leave without saying good-bye,"newest-7, new-7",v,33466,4,4+-char,我每天都不辞而别。,I to leave without saying good-bye every day.
美中不足,美中不足,měi zhōng bù zú,everything is fine except for one small defect (idiom); the fly in the ointment,"newest-7, new-7",l,33676,4,4+-char,我在学习“美中不足”。,I'm learning '美中不足'.
不假思索,不假思索,bù jiǎ sī suǒ,(idiom) to act without taking time to think; to react instantly; to fire from the hip,"newest-7, new-7",l,33772,4,4+-char,我在学习“不假思索”。,I'm learning '不假思索'.
前无古人,前無古人,qián wú gǔ rén,(idiom) unprecedented; unheard of,"newest-7, new-7",l,33975,4,4+-char,我在学习“前无古人”。,I'm learning '前无古人'.
朝夕相处,朝夕相處,zhāo xī xiāng chǔ,to spend all one's time together (idiom),"newest-7, new-7",v,34005,4,4+-char,我每天都朝夕相处。,I to spend all one's time together every day.
风和日丽,風和日麗,fēng hé rì lì,"moderate wind, beautiful sun (idiom); fine sunny weather, esp. in springtime","newest-7, new-7",v,34338,4,4+-char,我每天都风和日丽。,"I moderate wind, beautiful sun ; fine sunny weather, esp. in springtime every day."
家家户户,家家戶戶,jiā jiā hù hù,each and every family (idiom); every household,"newest-6, new-7",l,34377,4,4+-char,我在学习“家家户户”。,I'm learning '家家户户'.
大有可为,大有可為,dà yǒu kě wéi,with great prospects for the future (idiom); well worth doing,"newest-7, new-7",v,34481,4,4+-char,我每天都大有可为。,I with great prospects for the future ; well worth doing every day.
依依不舍,依依不捨,yī yī bù shě,reluctant to part (idiom); broken-hearted at having to leave,"newest-7, new-7",v,34544,4,4+-char,我每天都依依不舍。,I reluctant to part ; broken-hearted at having to leave every day.
可乘之机,可乘之機,kě chéng zhī jī,an opportunity that someone (usually a villain or adversary) can exploit,"newest-7, new-7",l,34562,4,4+-char,我在学习“可乘之机”。,I'm learning '可乘之机'.
统筹兼顾,統籌兼顧,tǒng chóu jiān gù,an overall plan taking into account all factors,old-6,,34565,4,4+-char,我在学习“统筹兼顾”。,I'm learning '统筹兼顾'.
一鼓作气,一鼓作氣,yī gǔ zuò qì,in a spurt of energy,"newest-7, new-7",v,34580,4,4+-char,我每天都一鼓作气。,I in a spurt of energy every day.
东张西望,東張西望,dōng zhāng xī wàng,to look in all directions (idiom); to glance around,"newest-7, new-7, old-6",v,34585,4,4+-char,我每天都东张西望。,I to look in all directions every day.
络绎不绝,絡繹不絕,luò yì bù jué,(idiom) continuously; in an endless stream,"newest-7, new-7, old-6",v,34597,4,4+-char,我每天都络绎不绝。,I continuously; in an endless stream every day.
杂乱无章,雜亂無章,zá luàn wú zhāng,disordered and in a mess (idiom); all mixed up and chaotic,"newest-7, new-7",l,34808,4,4+-char,我在学习“杂乱无章”。,I'm learning '杂乱无章'.
举世闻名,舉世聞名,jǔ shì wén míng,world-famous (idiom),"new-7, old-6",v,34810,4,4+-char,我每天都举世闻名。,I world-famous every day.
愁眉苦脸,愁眉苦臉,chóu méi kǔ liǎn,to look anxious (idiom); to look miserable,"newest-7, new-7",,34813,4,4+-char,我在学习“愁眉苦脸”。,I'm learning '愁眉苦脸'.
粗心大意,粗心大意,cū xīn dà yì,negligent; careless; inadvertent,"newest-7, new-7",v,34849,4,4+-char,我每天都粗心大意。,I negligent every day.
争分夺秒,爭分奪秒,zhēng fēn duó miǎo,"lit. fight minutes, snatch seconds (idiom); a race against time; making every second count","newest-7, new-7",l,34909,4,4+-char,我在学习“争分夺秒”。,I'm learning '争分夺秒'.
垂头丧气,垂頭喪氣,chuí tóu sàng qì,hanging one's head dispiritedly (idiom); dejected; crestfallen,"newest-7, new-7",,34963,4,4+-char,我在学习“垂头丧气”。,I'm learning '垂头丧气'.
任重道远,任重道遠,rèn zhòng dào yuǎn,"a heavy load and a long road; fig. to bear heavy responsibilities through a long struggle (cf Confucian Analects, 8.7)","newest-7, old-6",v,35050,4,4+-char,我每天都任重道远。,I a heavy load and a long road every day.
不一会儿,不一會兒,bù yīhuǐr5,Take a short while,new-2,l,35153,4,4+-char,我在学习“不一会儿”。,I'm learning '不一会儿'.
夸夸其谈,誇誇其談,kuā kuā qí tán,to talk big; to sound off; bombastic; grandiloquent,"newest-7, new-7",v,35198,4,4+-char,我每天都夸夸其谈。,I to talk big every day.
举世瞩目,舉世矚目,jǔ shì zhǔ mù,to receive worldwide attention,"newest-7, new-7, old-6",l,35345,4,4+-char,我在学习“举世瞩目”。,I'm learning '举世瞩目'.
化险为夷,化險為夷,huà xiǎn wéi yí,to turn peril into safety (idiom); to avert disaster,"newest-7, new-7",v,35462,4,4+-char,我每天都化险为夷。,I to turn peril into safety ; to avert disaster every day.
扣人心弦,扣人心弦,kòu rén xīn xián,to excite; to thrill; exciting; thrilling; cliff-hanging,"newest-7, new-7",v,35633,4,4+-char,我每天都扣人心弦。,I to excite every day.
光明磊落,光明磊落,guāng míng lěi luò,open and candid (idiom); straightforward and upright,"newest-7, new-7",v,35648,4,4+-char,我每天都光明磊落。,I open and candid ; straightforward and upright every day.
千钧一发,千鈞一髮,qiān jūn yī fà,a thousand pounds hangs by a thread (idiom); imminent peril; a matter of life or death,"newest-7, new-7",l,35703,4,4+-char,我在学习“千钧一发”。,I'm learning '千钧一发'.
千变万化,千變萬化,qiān biàn wàn huà,countless changes; constant permutation,"newest-7, new-7",v,35836,4,4+-char,我每天都千变万化。,I countless changes every day.
朝气蓬勃,朝氣蓬勃,zhāo qì péng bó,full of youthful energy (idiom); vigorous; energetic; a bright spark,"newest-7, new-7, old-6",v,35838,4,4+-char,我每天都朝气蓬勃。,I full of youthful energy ; vigorous every day.
一个劲儿,一個勁兒,yī gè jìn r,erhua variant of 一个劲; continuously,new-7,,35871,4,4+-char,我在学习“一个劲儿”。,I'm learning '一个劲儿'.
斩钉截铁,斬釘截鐵,zhǎn dīng jié tiě,lit. to chop the nail and slice the iron (idiom); fig. resolute and decisive; unhesitating; categorical,"newest-7, old-6",l,35900,4,4+-char,我在学习“斩钉截铁”。,I'm learning '斩钉截铁'.
诚心诚意,誠心誠意,chéng xīn chéng yì,earnestly and sincerely (idiom); with all sincerity,new-7,l,35928,4,4+-char,我在学习“诚心诚意”。,I'm learning '诚心诚意'.
天伦之乐,天倫之樂,tiān lún zhī lè,family love and joy; domestic bliss,"newest-7, old-6",l,36076,4,4+-char,我在学习“天伦之乐”。,I'm learning '天伦之乐'.
一技之长,一技之長,yī jì zhī cháng,proficiency in a particular field (idiom); skill in a specialized area (idiom),"newest-7, new-7",l,36099,4,4+-char,我在学习“一技之长”。,I'm learning '一技之长'.
同舟共济,同舟共濟,tóng zhōu gòng jì,cross a river in the same boat (idiom); fig. having common interests; obliged to collaborate towards common goals,"newest-7, new-7",v,36268,4,4+-char,我每天都同舟共济。,I cross a river in the same boat ; fig. having common interests every day.
自强不息,自強不息,zì qiáng bù xī,to strive unremittingly; self-improvement,"newest-7, new-7",v,36274,4,4+-char,我每天都自强不息。,I to strive unremittingly every day.
见多识广,見多識廣,jiàn duō shí guǎng,experienced and knowledgeable (idiom),"newest-7, old-6",v,36443,4,4+-char,我每天都见多识广。,I experienced and knowledgeable every day.
精益求精,精益求精,jīng yì qiú jīng,to perfect sth that is already outstanding (idiom); constantly improving,"newest-7, new-7, old-6",v,36451,4,4+-char,我每天都精益求精。,I to perfect sth that is already outstanding ; constantly improving every day.
从容不迫,從容不迫,cóng róng bù pò,calm; unruffled,"newest-7, new-7, old-6",v,36570,4,4+-char,我每天都从容不迫。,I calm every day.
峰回路转,峰回路轉,fēng huí lù zhuǎn,the mountain road twists around each new peak (idiom); (of a mountain road) twisting and turning; fig. an opportunity has come unexpectedly; things have taken a new turn,"newest-7, new-7",v,36686,4,4+-char,我每天都峰回路转。,I the mountain road twists around each new peak every day.
鹤立鸡群,鶴立雞群,hè lì jī qún,a crane in a flock of chicken (idiom); way above the common; manifestly superior,"newest-7, new-7",v,36715,4,4+-char,我每天都鹤立鸡群。,I a crane in a flock of chicken ; way above the common every day.
大大咧咧,大大咧咧,dà dà liē liē,carefree; offhand; casual,"newest-7, new-7",z,36835,4,4+-char,我在学习“大大咧咧”。,I'm learning '大大咧咧'.
高新技术,高新技術,gāo xīn jì shù,high tech; high technology,"newest-6, new-7",n,36865,4,4+-char,这是高新技术。,This is a high tech.
变幻莫测,變幻莫測,biàn huàn mò cè,to change unpredictably; unpredictable; erratic; treacherous,"newest-7, new-7","l, v",37275,4,4+-char,我在学习“变幻莫测”。,I'm learning '变幻莫测'.
理直气壮,理直氣壯,lǐ zhí qì zhuàng,in the right and self-confident (idiom); bold and confident with justice on one's side; to have the courage of one's convictions; just and forceful,"newest-7, new-7, old-6",l,37289,4,4+-char,我在学习“理直气壮”。,I'm learning '理直气壮'.
称心如意,稱心如意,chèn xīn rú yì,(idiom) after one's own heart; gratifying; satisfactory; everything one could wish,"newest-7, old-6",v,37311,4,4+-char,我每天都称心如意。,I after one's own heart; gratifying; satisfactory; everything one could wish every day.
由此可见,由此可見,yóu cǐ kě jiàn,"from this, it can be seen that...",new-7,c,37325,4,4+-char,我在学习“由此可见”。,I'm learning '由此可见'.
综上所述,綜上所述,zōng shàng suǒ shù,to summarize; to sum up,new-7,c,37654,4,4+-char,我在学习“综上所述”。,I'm learning '综上所述'.
一年到头,一年到頭,yī nián dào tóu,all year round,new-7,l,37724,4,4+-char,我在学习“一年到头”。,I'm learning '一年到头'.
一言一行,一言一行,yī yán yī xíng,every word and action (idiom),"newest-7, new-7",l,37817,4,4+-char,我在学习“一言一行”。,I'm learning '一言一行'.
足智多谋,足智多謀,zú zhì duō móu,resourceful; full of stratagems,"newest-7, new-7",v,37859,4,4+-char,我每天都足智多谋。,I resourceful every day.
似是而非,似是而非,sì shì ér fēi,apparently right but actually wrong; specious (idiom),"newest-7, new-7",v,37874,4,4+-char,我每天都似是而非。,I apparently right but actually wrong; specious every day.
改邪归正,改邪歸正,gǎi xié guī zhèng,to mend one's ways (idiom); to turn over a new leaf,"newest-7, new-7",v,37930,4,4+-char,我每天都改邪归正。,I to mend one's ways every day.
敬而远之,敬而遠之,jìng ér yuǎn zhī,to show respect from a distance (idiom); to remain at a respectful distance,"newest-7, new-7",v,37994,4,4+-char,我每天都敬而远之。,I to show respect from a distance every day.
衣食住行,衣食住行,yī shí zhù xíng,"clothing, food, housing and transport (idiom); people's basic needs","newest-6, new-7",l,38411,4,4+-char,我在学习“衣食住行”。,I'm learning '衣食住行'.
锲而不舍,鍥而不捨,qiè ér bù shě,to chip away at a task and not abandon it (idiom); to chisel away at sth; to persevere; unflagging efforts,"newest-7, old-6",v,38449,4,4+-char,我每天都锲而不舍。,I to chip away at a task and not abandon it ; to chisel away at sth every day.
津津有味,津津有味,jīn jīn yǒu wèi,with keen interest (idiom); with great pleasure; with gusto; eagerly,"newest-7, new-7, old-6",l,38595,4,4+-char,我在学习“津津有味”。,I'm learning '津津有味'.
风土人情,風土人情,fēng tǔ rén qíng,local conditions and customs (idiom),"newest-7, old-6",l,39323,4,4+-char,我在学习“风土人情”。,I'm learning '风土人情'.
相辅相成,相輔相成,xiāng fǔ xiāng chéng,to complement one another (idiom),"newest-7, new-7, old-6",v,39443,4,4+-char,我每天都相辅相成。,I to complement one another every day.
勤工俭学,勤工儉學,qín gōng jiǎn xué,to work part time while studying; work-study program,"newest-7, new-7",v,39680,4,4+-char,我每天都勤工俭学。,I to work part time while studying every day.
头头是道,頭頭是道,tóu tóu shì dào,clear and logical,"newest-7, new-7",l,39740,4,4+-char,我在学习“头头是道”。,I'm learning '头头是道'.
知足常乐,知足常樂,zhī zú cháng lè,satisfied with what one has (idiom),"newest-7, old-6",v,39895,4,4+-char,我每天都知足常乐。,I satisfied with what one has every day.
半信半疑,半信半疑,bàn xìn bàn yí,half doubting; dubious; skeptical,"newest-7, new-7",v,40048,4,4+-char,我每天都半信半疑。,I half doubting every day.
无恶不作,無惡不作,wú è bù zuò,not to shrink from any crime (idiom); to commit any imaginable misdeed,new-7,v,40408,4,4+-char,我每天都无恶不作。,I not to shrink from any crime ; to commit any imaginable misdeed every day.
水涨船高,水漲船高,shuǐ zhǎng chuán gāo,"the tide rises, the boat floats (idiom); fig. to change with the overall trend; to develop according to the situation","newest-7, new-7",v,40619,4,4+-char,我每天都水涨船高。,"I the tide rises, the boat floats ; fig. to change with the overall trend every day."
得天独厚,得天獨厚,dé tiān dú hòu,blessed by heaven (idiom); enjoying exceptional advantages; favored by nature,"newest-7, new-7, old-6",l,40643,4,4+-char,我在学习“得天独厚”。,I'm learning '得天独厚'.
顾全大局,顧全大局,gù quán dà jú,to take the big picture into consideration (idiom); to work for the benefits of all,"newest-7, new-7",v,40823,4,4+-char,我每天都顾全大局。,I to take the big picture into consideration every day.
开天辟地,開天闢地,kāi tiān pì dì,to split heaven and earth apart (idiom); refers to the Pangu 盘古 creation myth,"newest-7, new-7",v,40925,4,4+-char,我每天都开天辟地。,I to split heaven and earth apart ; refers to the Pangu 盘古 creation myth every day.
远近闻名,遠近聞名,yuǎn jìn wén míng,to be known far and wide; to be well-known,"newest-7, new-7",l,41183,4,4+-char,我在学习“远近闻名”。,I'm learning '远近闻名'.
恋恋不舍,戀戀不捨,liàn liàn bù shě,reluctant to part,"newest-7, new-7",v,41381,4,4+-char,我每天都恋恋不舍。,I reluctant to part every day.
七嘴八舌,七嘴八舌,qī zuǐ bā shé,lively discussion with everybody talking at once,"newest-7, new-7",v,41404,4,4+-char,我每天都七嘴八舌。,I lively discussion with everybody talking at once every day.
众志成城,眾志成城,zhòng zhì chéng chéng,unity of will is an impregnable stronghold (idiom),"newest-7, new-7",v,41428,4,4+-char,我每天都众志成城。,I unity of will is an impregnable stronghold every day.
急于求成,急於求成,jí yú qiú chéng,anxious for quick results (idiom); to demand instant success; impatient for result; impetuous,"newest-7, old-6",v,41579,4,4+-char,我每天都急于求成。,I anxious for quick results ; to demand instant success every day.
博大精深,博大精深,bó dà jīng shēn,wide-ranging and profound; broad and deep,"newest-7, old-6",v,41630,4,4+-char,我每天都博大精深。,I wide-ranging and profound every day.
交头接耳,交頭接耳,jiāo tóu jiē ěr,to whisper to one another's ear,"newest-7, new-7",v,42113,4,4+-char,我每天都交头接耳。,I to whisper to one another's ear every day.
有声有色,有聲有色,yǒu shēng yǒu sè,having sound and color (idiom); vivid; dazzling,"newest-7, new-7",l,42205,4,4+-char,我在学习“有声有色”。,I'm learning '有声有色'.
左顾右盼,左顧右盼,zuǒ gù yòu pàn,glancing to left and right (idiom); to look all around,"newest-7, new-7",v,42319,4,4+-char,我每天都左顾右盼。,I glancing to left and right ; to look all around every day.
面红耳赤,面紅耳赤,miàn hóng ěr chì,flushed with anger (or excitement),"newest-7, new-7",l,42692,4,4+-char,我在学习“面红耳赤”。,I'm learning '面红耳赤'.
废寝忘食,廢寢忘食,fèi qǐn wàng shí,to neglect sleep and forget about food (idiom); to skip one's sleep and meals; to be completely wrapped up in one's work,"newest-7, new-7",v,42829,4,4+-char,我每天都废寝忘食。,I to neglect sleep and forget about food every day.
任人宰割,任人宰割,rèn rén zǎi gē,to get trampled on (idiom); to be taken advantage of,new-7,v,42917,4,4+-char,我每天都任人宰割。,I to get trampled on every day.
喜闻乐见,喜聞樂見,xǐ wén lè jiàn,to love to hear and see (idiom); well received; to one's liking,"newest-7, old-6",l,43166,4,4+-char,我在学习“喜闻乐见”。,I'm learning '喜闻乐见'.
波涛汹涌,波濤洶湧,bō tāo xiōng yǒng,waves surging forth; roaring sea,old-6,,43247,4,4+-char,我在学习“波涛汹涌”。,I'm learning '波涛汹涌'.
空前绝后,空前絕後,kōng qián jué hòu,unprecedented and never to be duplicated; the first and the last; unmatched; unique,old-6,v,43282,4,4+-char,我每天都空前绝后。,I unprecedented and never to be duplicated every day.
门当户对,門當戶對,mén dāng hù duì,the families are well-matched in terms of social status (idiom); (of a prospective marriage partner) an appropriate match,new-7,v,43397,4,4+-char,我每天都门当户对。,I the families are well-matched in terms of social status every day.
川流不息,川流不息,chuān liú bù xī,the stream flows without stopping (idiom); unending flow,"newest-7, new-7, old-6",v,43668,4,4+-char,我每天都川流不息。,I the stream flows without stopping ; unending flow every day.
鸦雀无声,鴉雀無聲,yā què wú shēng,lit. crow and peacock make no sound; absolute silence (idiom); not a single voice can be heard; absolute silence,"newest-7, new-7",v,43787,4,4+-char,我每天都鸦雀无声。,I lit. crow and peacock make no sound every day.
千军万马,千軍萬馬,qiān jūn wàn mǎ,magnificent army with thousands of men and horses (idiom); impressive display of manpower; all the King's horses and all the King's men,"newest-7, new-7",l,43815,4,4+-char,我在学习“千军万马”。,I'm learning '千军万马'.
哄堂大笑,哄堂大笑,hōng táng dà xiào,the whole room roaring with laughter (idiom),"newest-7, new-7",v,43850,4,4+-char,我每天都哄堂大笑。,I the whole room roaring with laughter every day.
可歌可泣,可歌可泣,kě gē kě qì,lit. you can sing or you can cry (idiom); fig. deeply moving; happy and sad; inspiring and tragic,new-7,v,44081,4,4+-char,我每天都可歌可泣。,I lit. you can sing or you can cry ; fig. deeply moving every day.
举世无双,舉世無雙,jǔ shì wú shuāng,unrivaled (idiom); world number one; unique; unequaled,new-7,v,44355,4,4+-char,我每天都举世无双。,I unrivaled ; world number one every day.
盛气凌人,盛氣凌人,shèng qì líng rén,overbearing; arrogant bully,"newest-7, new-7",v,44358,4,4+-char,我每天都盛气凌人。,I overbearing every day.
心灵手巧,心靈手巧,xīn líng shǒu qiǎo,capable; clever; dexterous,"newest-7, new-7",v,44403,4,4+-char,我每天都心灵手巧。,I capable every day.
横七竖八,橫七豎八,héng qī shù bā,in disorder; at sixes and sevens (idiom),new-7,,44471,4,4+-char,我在学习“横七竖八”。,I'm learning '横七竖八'.
孤陋寡闻,孤陋寡聞,gū lòu guǎ wén,ignorant and inexperienced; ill-informed and narrow-minded,"newest-7, new-7",v,44513,4,4+-char,我每天都孤陋寡闻。,I ignorant and inexperienced every day.
眉开眼笑,眉開眼笑,méi kāi yǎn xiào,"brows raised in delight, eyes laughing (idiom); beaming with joy; all smiles","newest-7, new-7",,45283,4,4+-char,我在学习“眉开眼笑”。,I'm learning '眉开眼笑'.
斩草除根,斬草除根,zhǎn cǎo chú gēn,to cut weeds and eliminate the roots (idiom); to destroy root and branch; to eliminate completely,new-7,v,45361,4,4+-char,我每天都斩草除根。,I to cut weeds and eliminate the roots ; to destroy root and branch every day.
前赴后继,前赴後繼,qián fù hòu jì,to advance dauntlessly in wave upon wave (idiom),"newest-7, new-7",v,45740,4,4+-char,我每天都前赴后继。,I to advance dauntlessly in wave upon wave every day.
岂有此理,豈有此理,qǐ yǒu cǐ lǐ,how can this be so? (idiom); preposterous; ridiculous; absurd,"newest-7, new-7, old-6",,46100,4,4+-char,我在学习“岂有此理”。,I'm learning '岂有此理'.
画龙点睛,畫龍點睛,huà lóng diǎn jīng,to paint a dragon and dot in the eyes (idiom); fig. to add the vital finishing touch; the crucial point that brings the subject to life; a few words to clinch the point,"newest-7, new-7",v,46401,4,4+-char,我每天都画龙点睛。,I to paint a dragon and dot in the eyes ; fig. to add the vital finishing touch every day.
见仁见智,見仁見智,jiàn rén jiàn zhì,opinions differ (idiom),"newest-7, new-7",v,46725,4,4+-char,我每天都见仁见智。,I opinions differ every day.
各抒己见,各抒己見,gè shū jǐ jiàn,everyone gives their own view,"newest-7, old-6",v,46742,4,4+-char,我每天都各抒己见。,I everyone gives their own view every day.
画蛇添足,畫蛇添足,huà shé tiān zú,lit. draw legs on a snake (idiom); fig. to ruin the effect by adding sth superfluous; to overdo it,"newest-7, new-7, old-6",l,47111,4,4+-char,我在学习“画蛇添足”。,I'm learning '画蛇添足'.
暴风骤雨,暴風驟雨,bào fēng zhòu yǔ,violent wind and rainstorm; hurricane; tempest,"newest-7, new-7",l,47595,4,4+-char,我在学习“暴风骤雨”。,I'm learning '暴风骤雨'.
一概而论,一概而論,yī gài ér lùn,to lump different matters together (idiom),"newest-7, new-7",v,47671,4,4+-char,我每天都一概而论。,I to lump different matters together every day.
大公无私,大公無私,dà gōng wú sī,selfless; impartial,"newest-7, new-7",v,48461,4,4+-char,我每天都大公无私。,I selfless every day.
悬崖峭壁,懸崖峭壁,xuán yá qiào bì,sheer cliffs and precipitous rock faces (idiom),old-6,l,48736,4,4+-char,我在学习“悬崖峭壁”。,I'm learning '悬崖峭壁'.
思前想后,思前想後,sī qián xiǎng hòu,to consider past cause and future effect (idiom); to think over the past and future; to ponder over reasons and connection,"newest-7, new-7",v,48743,4,4+-char,我每天都思前想后。,I to consider past cause and future effect ; to think over the past and future every day.
萍水相逢,萍水相逢,píng shuǐ xiāng féng,strangers coming together by chance (idiom),"newest-7, new-7",v,48991,4,4+-char,我每天都萍水相逢。,I strangers coming together by chance every day.
多劳多得,多勞多得,duō láo duō dé,work more and get more,new-7,v,49146,4,4+-char,我每天都多劳多得。,I work more and get more every day.
迷惑不解,迷惑不解,mí huò bù jiě,to feel puzzled,new-7,v,49559,4,4+-char,我每天都迷惑不解。,I to feel puzzled every day.
扑面而来,撲面而來,pū miàn ér lái,lit. sth hits one in the face; directly in one's face; sth assaults the senses; blatant (advertising); eye-catching; (a smell) assaults the nostrils,"newest-7, new-7",v,49677,4,4+-char,我每天都扑面而来。,I lit. sth hits one in the face every day.
冷酷无情,冷酷無情,lěng kù wú qíng,cold-hearted; unfeeling; callous,new-7,,49756,4,4+-char,我在学习“冷酷无情”。,I'm learning '冷酷无情'.
引经据典,引經據典,yǐn jīng jù diǎn,lit. to quote the classics; to quote chapter and verse (idiom),"newest-7, new-7",l,49890,4,4+-char,我在学习“引经据典”。,I'm learning '引经据典'.
愚公移山,愚公移山,yú gōng yí shān,"the old man moves mountains (idiom); fig. where there's a will, there's a way","newest-7, new-7",v,50260,4,4+-char,我每天都愚公移山。,"I the old man moves mountains ; fig. where there's a will, there's a way every day."
赞叹不已,贊嘆不已,zàn tàn bù yǐ,to be full of praise (idiom),new-7,v,51147,4,4+-char,我每天都赞叹不已。,I to be full of praise every day.
纵横交错,縱橫交錯,zòng héng jiāo cuò,criss-crossed (idiom),new-7,v,51225,4,4+-char,我每天都纵横交错。,I criss-crossed every day.
风餐露宿,風餐露宿,fēng cān lù sù,lit. to eat in the open air and sleep outdoors (idiom); fig. to rough it,"newest-7, new-7",v,51627,4,4+-char,我每天都风餐露宿。,I lit. to eat in the open air and sleep outdoors every day.
怡然自得,怡然自得,yí rán zì dé,happy and content (idiom),"newest-7, new-7",v,51833,4,4+-char,我每天都怡然自得。,I happy and content every day.
差一点儿,差一點兒,chà yī diǎn r,erhua variant of 差一点; almost; nearly,new-5,d,52358,4,4+-char,他差一点儿来。,He comes erhua variant of 差一点.
继往开来,繼往開來,jì wǎng kāi lái,to follow the past and herald the future (idiom); part of a historical transition; forming a bridge between earlier and later stages,old-6,v,52579,4,4+-char,我每天都继往开来。,I to follow the past and herald the future ; part of a historical transition every day.
苦尽甘来,苦盡甘來,kǔ jìn gān lái,"bitterness finishes, sweetness begins (idiom); the hard times are over, the good times just beginning","newest-7, old-6",v,52587,4,4+-char,我每天都苦尽甘来。,"I bitterness finishes, sweetness begins ; the hard times are over, the good times just beginning every day."
绘声绘色,繪聲繪色,huì shēng huì sè,vivid and colorful (idiom); true to life; lively and realistic,"newest-7, new-7",,52623,4,4+-char,我在学习“绘声绘色”。,I'm learning '绘声绘色'.
三番五次,三番五次,sān fān wǔ cì,over and over again (idiom),"newest-7, new-7",l,52808,4,4+-char,我在学习“三番五次”。,I'm learning '三番五次'.
举一反三,舉一反三,jǔ yī fǎn sān,to raise one and infer three; to deduce many things from one case (idiom),"newest-7, new-7",v,53042,4,4+-char,我每天都举一反三。,I to raise one and infer three every day.
损人利己,損人利己,sǔn rén lì jǐ,harming others for one's personal benefit (idiom); personal gain to the detriment of others,"newest-7, new-7",v,53422,4,4+-char,我每天都损人利己。,I harming others for one's personal benefit ; personal gain to the detriment of others every day.
约定俗成,約定俗成,yuē dìng sú chéng,established by popular usage (idiom); common usage agreement; customary convention,"newest-7, new-7",v,53683,4,4+-char,我每天都约定俗成。,I established by popular usage ; common usage agreement every day.
无情无义,無情無義,wú qíng wú yì,completely lacking any feeling or sense of justice (idiom); cold and ruthless,new-7,v,53755,4,4+-char,我每天都无情无义。,I completely lacking any feeling or sense of justice ; cold and ruthless every day.
东奔西走,東奔西走,dōng bēn xī zǒu,to run this way and that (idiom); to rush about busily; to bustle about; to hopscotch; also 东跑西颠,"newest-7, new-7",v,54249,4,4+-char,我每天都东奔西走。,I to run this way and that ; to rush about busily every day.
抑扬顿挫,抑揚頓挫,yì yáng dùn cuò,see 顿挫抑扬,"newest-7, new-7",l,55315,4,4+-char,我在学习“抑扬顿挫”。,I'm learning '抑扬顿挫'.
有的放矢,有的放矢,yǒu dì fàng shǐ,lit. to have a target in mind when shooting one's arrows (idiom); fig. to have a clear objective,"newest-7, new-7",v,56118,4,4+-char,我每天都有的放矢。,I lit. to have a target in mind when shooting one's arrows every day.
经久不息,經久不息,jīng jiǔ bù xī,"prolonged (applause, cheering etc)","newest-7, new-7",v,56997,4,4+-char,我每天都经久不息。,I prolonged every day.
沽名钓誉,沽名釣譽,gū míng diào yù,to angle for fame (idiom); to fish for compliments,new-7,v,57130,4,4+-char,我每天都沽名钓誉。,I to angle for fame every day.
丢三落四,丟三落四,diū sān là sì,forgetful; empty-headed,"newest-7, old-6",,57241,4,4+-char,我在学习“丢三落四”。,I'm learning '丢三落四'.
大包大揽,大包大攬,dà bāo dà lǎn,to take complete charge (idiom),new-7,v,57488,4,4+-char,我每天都大包大揽。,I to take complete charge every day.
由此看来,由此看來,yóu cǐ kàn lái,thereby; judging from this,new-7,l,57699,4,4+-char,我在学习“由此看来”。,I'm learning '由此看来'.
悲欢离合,悲歡離合,bēi huān lí hé,joys and sorrows; partings and reunions; the vicissitudes of life,"newest-7, new-7",l,57812,4,4+-char,我在学习“悲欢离合”。,I'm learning '悲欢离合'.
连滚带爬,連滾帶爬,lián gǔn dài pá,rolling and crawling; trying frantically to escape (idiom),new-7,,59075,4,4+-char,我在学习“连滚带爬”。,I'm learning '连滚带爬'.
拔苗助长,拔苗助長,bá miáo zhù zhǎng,to spoil things through excessive enthusiasm (idiom),old-6,,59082,4,4+-char,我在学习“拔苗助长”。,I'm learning '拔苗助长'.
朝三暮四,朝三暮四,zhāo sān mù sì,lit. say three in the morning but four in the evening (idiom); to change sth that is already settled upon; indecisive; to blow hot and cold,"newest-7, new-7",v,59231,4,4+-char,我每天都朝三暮四。,I lit. say three in the morning but four in the evening ; to change sth that is already settled upon every day.
前仰后合,前仰後合,qián yǎng hòu hé,to sway to and fro; to rock back and forth,new-7,,61146,4,4+-char,我在学习“前仰后合”。,I'm learning '前仰后合'.
大模大样,大模大樣,dà mú dà yàng,boldly; ostentatiously; poised; self-assured; Taiwan pr. [dà mó dà yàng],new-7,l,62389,4,4+-char,我在学习“大模大样”。,I'm learning '大模大样'.
节衣缩食,節衣縮食,jié yī suō shí,to save on food and clothing (idiom); to live frugally,"newest-7, new-7",v,63111,4,4+-char,我每天都节衣缩食。,I to save on food and clothing ; to live frugally every day.
张灯结彩,張燈結彩,zhāng dēng jié cǎi,to be decorated with lanterns and colored banners (idiom),"newest-7, new-7",v,63826,4,4+-char,我每天都张灯结彩。,I to be decorated with lanterns and colored banners every day.
各奔前程,各奔前程,gè bèn qián chéng,each goes his own way (idiom); each person has his own life to lead,new-7,v,66834,4,4+-char,我每天都各奔前程。,I each goes his own way ; each person has his own life to lead every day.
别具匠心,別具匠心,bié jù jiàng xīn,to show ingenuity; (of a design) clever; brilliantly conceived,"newest-7, new-7",,67237,4,4+-char,我在学习“别具匠心”。,I'm learning '别具匠心'.
见钱眼开,見錢眼開,jiàn qián yǎn kāi,to open one's eyes wide at the sight of profit (idiom); thinking of nothing but personal gain; money-grubbing,new-7,,68731,4,4+-char,我在学习“见钱眼开”。,I'm learning '见钱眼开'.
爱理不理,愛理不理,ài lǐ bù lǐ,(idiom) standoffish; indifferent,new-7,v,69479,4,4+-char,我每天都爱理不理。,I standoffish; indifferent every day.
锦绣前程,錦繡前程,jǐn xiù qián chéng,bright future; bright prospects,old-6,l,69813,4,4+-char,我在学习“锦绣前程”。,I'm learning '锦绣前程'.
奇花异草,奇花異草,qí huā yì cǎo,"very rarely seen, unusual (idiom)",new-7,,70197,4,4+-char,我在学习“奇花异草”。,I'm learning '奇花异草'.
有口无心,有口無心,yǒu kǒu wú xīn,to speak harshly but without any bad intent (idiom),new-7,,70262,4,4+-char,我在学习“有口无心”。,I'm learning '有口无心'.
深情厚谊,深情厚誼,shēn qíng hòu yì,deep friendship,"newest-7, old-6",l,70510,4,4+-char,我在学习“深情厚谊”。,I'm learning '深情厚谊'.
半真半假,半真半假,bàn zhēn bàn jiǎ,(idiom) half true and half false,new-7,,70634,4,4+-char,我在学习“半真半假”。,I'm learning '半真半假'.
有两下子,有兩下子,yǒu liǎng xià zi,to have real skill; to know one's stuff,new-7,,70813,4,4+-char,我在学习“有两下子”。,I'm learning '有两下子'.
乘人之危,乘人之危,chéng rén zhī wēi,to take advantage of sb's precarious position,new-7,v,71252,4,4+-char,我每天都乘人之危。,I to take advantage of sb's precarious position every day.
如醉如痴,如醉如癡,rú zuì rú chī,lit. as if drunk and stupefied (idiom); intoxicated by sth; obsessed with; mad about sth; also written 如痴如醉,new-7,,73273,4,4+-char,我在学习“如醉如痴”。,I'm learning '如醉如痴'.
耳闻目睹,耳聞目睹,ěr wén mù dǔ,to witness personally,new-7,v,74024,4,4+-char,我每天都耳闻目睹。,I to witness personally every day.
万古长青,萬古長青,wàn gǔ cháng qīng,remain fresh; last forever; eternal,new-7,,74217,4,4+-char,我在学习“万古长青”。,I'm learning '万古长青'.
一毛不拔,一毛不拔,yī máo bù bá,stingy (idiom),"newest-7, new-7",,75450,4,4+-char,我在学习“一毛不拔”。,I'm learning '一毛不拔'.
发愤图强,發憤圖強,fā fèn tú qiáng,to be strongly determined to succeed (idiom),new-7,,76491,4,4+-char,我在学习“发愤图强”。,I'm learning '发愤图强'.
忍饥挨饿,忍飢挨餓,rěn jī ái è,starving; famished,new-7,,77899,4,4+-char,我在学习“忍饥挨饿”。,I'm learning '忍饥挨饿'.
势不可当,勢不可當,shì bù kě dāng,impossible to resist (idiom); an irresistible force,"newest-7, new-7",v,80787,4,4+-char,我每天都势不可当。,I impossible to resist ; an irresistible force every day.
不耻下问,不恥下問,bù chǐ xià wèn,not feel ashamed to ask and learn from one's subordinates,"newest-7, new-7",,83856,4,4+-char,我在学习“不耻下问”。,I'm learning '不耻下问'.
出口成章,出口成章,chū kǒu chéng zhāng,(idiom) (of one's speech) eloquent; articulate,"newest-7, new-7",,84607,4,4+-char,我在学习“出口成章”。,I'm learning '出口成章'.
飞禽走兽,飛禽走獸,fēi qín zǒu shòu,birds and animals; the beasts of the field and the birds of the air,"newest-7, old-6",l,85592,4,4+-char,我在学习“飞禽走兽”。,I'm learning '飞禽走兽'.
饱经沧桑,飽經滄桑,bǎo jīng cāng sāng,having lived through many changes,"newest-7, old-6",v,86660,4,4+-char,我每天都饱经沧桑。,I having lived through many changes every day.
刻舟求剑,刻舟求劍,kè zhōu qiú jiàn,lit. a notch on the side of a boat to locate a sword dropped overboard (idiom); fig. an action made pointless by changed circumstances,"newest-7, new-7",,108475,4,4+-char,我在学习“刻舟求剑”。,I'm learning '刻舟求剑'.
一长一短,一長一短,yī cháng yī duǎn,talking endlessly; long-winded,new-7,,110959,4,4+-char,我在学习“一长一短”。,I'm learning '一长一短'.
鹏程万里,鵬程萬里,péng chéng wàn lǐ,the fabled roc flies ten thousand miles (idiom); one's future prospects are brilliant,"newest-7, new-7",,114959,4,4+-char,我在学习“鹏程万里”。,I'm learning '鹏程万里'.
闹着玩儿,鬧著玩兒,nào zhe wán r,to play games; to joke around; to play a joke on sb,new-7,,117710,4,4+-char,我在学习“闹着玩儿”。,I'm learning '闹着玩儿'.
得意扬扬,得意揚揚,dé yì yáng yáng,variant of 洋,"newest-7, new-7",,164953,4,4+-char,我在学习“得意扬扬”。,I'm learning '得意扬扬'.
与时俱进,與時俱進,yǔ shí jù jìn,abreast of modern developments; to keep up with the times; progressive; timely,"newest-7, new-7",,1000000,4,4+-char,我在学习“与时俱进”。,I'm learning '与时俱进'.
从今以后,從今以後,cóng jīn yǐ hòu,from now on; henceforward,new-7,,1000000,4,4+-char,我在学习“从今以后”。,I'm learning '从今以后'.
从早到晚,從早到晚,cóng zǎo dào wǎn,from morning till night; from dawn to dusk; all day long,new-7,,1000000,4,4+-char,我在学习“从早到晚”。,I'm learning '从早到晚'.
忽高忽低,忽高忽低,hū gāo hū dī,alternately soaring and plunging,new-7,,1000000,4,4+-char,我在学习“忽高忽低”。,I'm learning '忽高忽低'.
时好时坏,時好時壞,shí hǎo shí huài,"sometimes good, sometimes bad","newest-7, new-7",,1000000,4,4+-char,我在学习“时好时坏”。,I'm learning '时好时坏'.
有一点儿,有一點兒,yǒu yī diǎn r,a bit; a little,new-2,,1000000,4,4+-char,我在学习“有一点儿”。,I'm learning '有一点儿'.
讨人喜欢,討人喜歡,tǎo rén xǐ huan,to attract people's affection; charming; delightful,new-7,,1000000,4,4+-char,我在学习“讨人喜欢”。,I'm learning '讨人喜欢'.
说干就干,說幹就幹,shuō gàn jiù gàn,"to do what needs to be done, without delay",new-7,,1000000,4,4+-char,我在学习“说干就干”。,I'm learning '说干就干'.
说老实话,說老實話,shuō lǎo shi huà,to be honest; to tell the truth; to be frank,new-7,,1000000,4,4+-char,我在学习“说老实话”。,I'm learning '说老实话'.
难以想象,難以想象,nányǐxiǎngxiàng,Unimaginable,new-7,,1000000,4,4+-char,我在学习“难以想象”。,I'm learning '难以想象'.
难得一见,難得一見,nán dé yī jiàn,rarely seen,"newest-7, new-7",,1000000,4,4+-char,我在学习“难得一见”。,I'm learning '难得一见'.
